file,code,product_id,status,public_main_url,public_thumb_url,message
/Volumes/Condivisa/FOTO ENERGICA 2025/CONTROLLER NEEM +SAPONE MOLLE SPRAY 1 lt.png,CONTROLLER,,unmatched,,,no product with this code
/Volumes/Condivisa/FOTO ENERGICA 2025/DURAFAST GRANULARE 500G.png,DURAFAST,,unmatched,,,no product with this code
/Volumes/Condivisa/FOTO ENERGICA 2025/DURAFAST GRANULARE 800G.png,DURAFAST,,unmatched,,,no product with this code
/Volumes/Condivisa/FOTO ENERGICA 2025/DURAFAST POLVERE 500G.png,DURAFAST,,unmatched,,,no product with this code
/Volumes/Condivisa/FOTO ENERGICA 2025/EN0006 CITRONELLA SFERAGEL 180ml.png,EN0006,dc33a53c-0ced-438e-87c1-6e4bf15e3490,dry-run,,,
/Volumes/Condivisa/FOTO ENERGICA 2025/EN0007 LAVANDA SFERAGEL 180ml.png,EN0007,202289d3-ec15-48d0-84a6-b974df84759a,dry-run,,,
/Volumes/Condivisa/FOTO ENERGICA 2025/EN0008 EUCALIPTO SFERAGEL 180ml.png,EN0008,e211d319-393d-4214-be95-67450bff7a05,dry-run,,,
/Volumes/Condivisa/FOTO ENERGICA 2025/EN0009 ANTI TARME SFERAGEL 180ml.png,EN0009,b32f4bde-3c9a-4ddb-b314-60bfa46a45fa,dry-run,,,
/Volumes/Condivisa/FOTO ENERGICA 2025/EN0010 CITRONELLA SFERAGEL 360ml.png,EN0010,a22fb92e-5dc3-4a2e-b000-b0dc21fd711b,dry-run,,,
/Volumes/Condivisa/FOTO ENERGICA 2025/EN0011 LAVANDA SFERAGEL 360ml.png,EN0011,db8d7953-6dbf-4e91-9009-1774b4c12a3f,dry-run,,,
/Volumes/Condivisa/FOTO ENERGICA 2025/EN0012 EUCALIPTO SFERAGEL 360ml.png,EN0012,c489e5cf-32c3-42af-9095-be00d2c9356c,dry-run,,,
/Volumes/Condivisa/FOTO ENERGICA 2025/EN0013 ANTI TARME SFERAGEL 360ml.png,EN0013,7eeae322-169b-462e-b9ba-f8073cf3666f,dry-run,,,
/Volumes/Condivisa/FOTO ENERGICA 2025/EN0015 PROFUMO CITRONELLA SPRAY 750ML.png,EN0015,2602c556-da92-4b61-9a81-6716615b689a,dry-run,,,
/Volumes/Condivisa/FOTO ENERGICA 2025/EN0020 VOLPI GRANULARE 1LT.png,EN0020,e6202b6c-8a9b-447f-abff-b367b086a2fc,dry-run,,,
/Volumes/Condivisa/FOTO ENERGICA 2025/EN0021 VOLPI GEL 1LT.png,EN0021,ad8f8151-2152-47c7-a39d-e06fb4dc2c20,dry-run,,,
/Volumes/Condivisa/FOTO ENERGICA 2025/EN0022 VOLPI CUBO GEL 1LT.png,EN0022,98daf89a-c795-4c5f-8916-c6be89b652cc,dry-run,,,
"/Volumes/Condivisa/FOTO ENERGICA 2025/EN0023 VOLPI CUBO GEL 2,5LT.png",EN0023,7e24c027-4cd6-40ef-aaad-8a0f89448dcc,dry-run,,,
/Volumes/Condivisa/FOTO ENERGICA 2025/EN0024 STOP URINE SPRAY 750ML.png,EN0024,5bb5b43b-f214-4ff1-b0a2-1141a7e2fbe2,dry-run,,,
/Volumes/Condivisa/FOTO ENERGICA 2025/EN0025 MARTORE GRANULARE 1LT.png,EN0025,ad309685-f051-4d8d-97b5-4dce0fbc6eb3,dry-run,,,
/Volumes/Condivisa/FOTO ENERGICA 2025/EN0026 MARTORE SPRAY 1LT.png,EN0026,de3bc44c-43c3-4d2b-977a-5ee9841d8f0c,dry-run,,,
/Volumes/Condivisa/FOTO ENERGICA 2025/EN0027 MARTORE GEL 1LT.png,EN0027,45c9fae4-dffd-42f2-8d69-b4a9cb5171ff,dry-run,,,
/Volumes/Condivisa/FOTO ENERGICA 2025/EN0028 MARTORE CUBO GEL 1lt.png,EN0028,ae4f1164-6502-4167-8d1b-0393ed912b8b,dry-run,,,
"/Volumes/Condivisa/FOTO ENERGICA 2025/EN0029 MARTORE CUBO GEL 2,5lt.png",EN0029,36c710c5-d908-4b81-9603-137914712afe,dry-run,,,
/Volumes/Condivisa/FOTO ENERGICA 2025/EN0030 COLONIA LAVANDA PER CANI 125ml.png,EN0030,fd428f2a-ed12-4f32-8268-544debdf18f2,dry-run,,,
/Volumes/Condivisa/FOTO ENERGICA 2025/EN0031 ROLL-ON-75ml.png,EN0031,68f5823a-79b7-4149-81ff-c875d531ff0f,dry-run,,,
/Volumes/Condivisa/FOTO ENERGICA 2025/EN0032 PROTEZIONE PER CANI OLIO DI NEEM SPRAY 500ML.png,EN0032,da08d5e5-82c9-49af-a722-fa2675f5c293,dry-run,,,
/Volumes/Condivisa/FOTO ENERGICA 2025/EN0033 PROTEZIONE PER CANI OLIO DI NEEM+CITRONELLA SPRAY 500ML.png,EN0033,aa383451-0df7-4670-83fc-30974db5c14b,dry-run,,,
/Volumes/Condivisa/FOTO ENERGICA 2025/EN0034 PROTEZIONE PER CANI OLI DI NEEM+EUCALIPTO SPRAY 500ML.png,EN0034,ba659a2b-9f90-4c57-a313-a3a088ddf2cb,dry-run,,,
/Volumes/Condivisa/FOTO ENERGICA 2025/EN0035 PROTEZIONE PER CANI OLIO DI NEEM+LAVANDA SPRAY 500ML.png,EN0035,aa2c5f3f-4bf5-485f-ad23-430dee98e03d,dry-run,,,
/Volumes/Condivisa/FOTO ENERGICA 2025/EN0036 OLIO DI ARNICA CANI SPRAY 500ML.png,EN0036,3fc80d85-8da5-452a-860f-81ed5e2feb6f,dry-run,,,
/Volumes/Condivisa/FOTO ENERGICA 2025/EN0037 CREMA ARNICA GEL CANI GEL 250ML.png,EN0037,646e31cb-cae7-4d9b-9a9d-e15fb91ec514,dry-run,,,
"/Volumes/Condivisa/FOTO ENERGICA 2025/EN0038 PROFUMO CITRONELLA CUBO GEL 2,5LT.png",EN0038,1f490fc6-72be-4789-8bb4-84746aca0fc1,dry-run,,,
/Volumes/Condivisa/FOTO ENERGICA 2025/EN0039 PROFUMO CITRONELLA CUBO GEL 1LT.png,EN0039,a52e3a8e-48ff-4293-a344-fe83efb8f6cd,dry-run,,,
/Volumes/Condivisa/FOTO ENERGICA 2025/EN0040 PROFUMO CITRONELLA SPRAY 1LT.png,EN0040,85f58b48-cd76-435e-bdb0-7219cd00e705,dry-run,,,
/Volumes/Condivisa/FOTO ENERGICA 2025/EN0041 PROFUMO CITRONELLA SPRAY 500ML.png,EN0041,bab561cd-1884-4728-8d39-2a8642f6c539,dry-run,,,
/Volumes/Condivisa/FOTO ENERGICA 2025/EN0042 PROFUMO CITRONELLA GRANULARE 1LT.png,EN0042,c7649621-3781-4912-a04f-55d1c08cb422,dry-run,,,
/Volumes/Condivisa/FOTO ENERGICA 2025/EN0043 PROFUMO CITRONELLA GEL 1LT.png,EN0043,b9beb825-7432-401c-aed1-071fbdf81e43,dry-run,,,
"/Volumes/Condivisa/FOTO ENERGICA 2025/EN0044 CANI E GATTI CUBO GEL 2,5LT.png",EN0044,9e00186a-fe86-438f-9f94-2a83b94c70c2,dry-run,,,
/Volumes/Condivisa/FOTO ENERGICA 2025/EN0045 RAGNI SPRAY 750ML.png,EN0045,db515587-f1ec-4c00-9268-e7951c820421,dry-run,,,
/Volumes/Condivisa/FOTO ENERGICA 2025/EN0046 SCORPIONI SPRAY 1LT.png,EN0046,136011a1-5573-4175-93d7-e392b52160fe,dry-run,,,
/Volumes/Condivisa/FOTO ENERGICA 2025/EN0047 RAGNI SPRAY 500ML.png,EN0047,f4ed95f3-9ffd-4132-b5c9-45d8e09acecb,dry-run,,,
/Volumes/Condivisa/FOTO ENERGICA 2025/EN0048 SCORPIONI SPRAY 500ML.png,EN0048,f394d369-1baf-40d7-aec9-837851947ba0,dry-run,,,
/Volumes/Condivisa/FOTO ENERGICA 2025/EN0049 SCORPIONI GRANULARE 1LT.png,EN0049,bbb64259-99b4-4d65-9585-40aa62d3d843,dry-run,,,
/Volumes/Condivisa/FOTO ENERGICA 2025/EN0050 SCORPIONI SPRAY 750ML.png,EN0050,86a9233e-e32c-4e96-b2a7-7e61dd673758,dry-run,,,
/Volumes/Condivisa/FOTO ENERGICA 2025/EN0051 CANI E GATTI SPRAY 1LT.png,EN0051,4392e354-f479-4d20-8a3e-03365004c64c,dry-run,,,
/Volumes/Condivisa/FOTO ENERGICA 2025/EN0052 CANI E GATTI SPRAY 500ML.png,EN0052,50b370dd-7d2f-4a89-bcfa-af6f225d02b9,dry-run,,,
/Volumes/Condivisa/FOTO ENERGICA 2025/EN0053 CANI E GATTI SPRAY 750ML.png,EN0053,f068f72b-39b7-440e-98b3-c4ef9def43a0,dry-run,,,
/Volumes/Condivisa/FOTO ENERGICA 2025/EN0054 ABITUANTE SPRAY 125ml.png,EN0054,6d244cac-7641-4b92-917c-bd062e49d0a3,dry-run,,,
/Volumes/Condivisa/FOTO ENERGICA 2025/EN0055 CANI E GATTI GRANULARE 1LT.png,EN0055,ea4ef8d7-13dd-40da-a6d4-963d12606a7d,dry-run,,,
/Volumes/Condivisa/FOTO ENERGICA 2025/EN0057 CANI E GATTI CUBO GEL 1LT.png,EN0057,a26b3692-cfaa-4a12-a862-e7f75c0ab2ae,dry-run,,,
/Volumes/Condivisa/FOTO ENERGICA 2025/EN0058 ANTIACCOPPIAMENTO SPRAY 125ml.png,EN0058,4af799df-a3ac-442b-9fd1-a61d2ff6de87,dry-run,,,
/Volumes/Condivisa/FOTO ENERGICA 2025/EN0059 ANTIMORSO SPRAY 500ML.png,EN0059,4abc9466-ca1f-41a9-9132-d082a539fe70,dry-run,,,
/Volumes/Condivisa/FOTO ENERGICA 2025/EN0060 TALPE GRANULARE 1LT.png,EN0060,b39d7b3e-da34-48df-88d1-a72d8aee696e,dry-run,,,
/Volumes/Condivisa/FOTO ENERGICA 2025/EN0061 TALPA GEL 1LT.png,EN0061,397b7e86-f86e-4927-b90a-d4806a26d85f,dry-run,,,
/Volumes/Condivisa/FOTO ENERGICA 2025/EN0062 TALPA CUBO GEL 1LT.png,EN0062,deeec8b8-9df5-40b4-9d4f-06aac4ac8fe0,dry-run,,,
/Volumes/Condivisa/FOTO ENERGICA 2025/EN0064 PICCIONI CUBO GEL 1LT.png,EN0064,511e7708-4613-4d94-ac21-de661f6cbb54,dry-run,,,
/Volumes/Condivisa/FOTO ENERGICA 2025/EN0065 PICCIONI SPRAY 1LT.png,EN0065,fd878db6-3695-4436-8070-c961aad3eeec,dry-run,,,
/Volumes/Condivisa/FOTO ENERGICA 2025/EN0066 PICCIONI SPRAY 500ML.png,EN0066,30e60a47-f870-4ca8-a9e4-02de13001d5b,dry-run,,,
/Volumes/Condivisa/FOTO ENERGICA 2025/EN0067 PICCIONI GRANULARE 1LT.png,EN0067,69be6984-63a3-4427-896d-40292fcced45,dry-run,,,
/Volumes/Condivisa/FOTO ENERGICA 2025/EN0068 PICCIONI GEL 1LT.png,EN0068,14764bdb-db3c-427b-9688-115d393ecc84,dry-run,,,
/Volumes/Condivisa/FOTO ENERGICA 2025/EN0069 PICCIONI SPRAY 750ML.png,EN0069,895fd7e0-296f-4b23-982d-5fd7b7e049c0,dry-run,,,
"/Volumes/Condivisa/FOTO ENERGICA 2025/EN0073 CINGHIALI CUBO GEL 2,5LT.png",EN0073,de95e7ad-18d1-4602-9b9a-daa641ba7288,dry-run,,,
/Volumes/Condivisa/FOTO ENERGICA 2025/EN0074 CINGHIALI GEL 1LT.png,EN0074,dc641072-6570-4341-b3db-129687f3fa76,dry-run,,,
/Volumes/Condivisa/FOTO ENERGICA 2025/EN0075 CINGHIALI GRANULARE 1 lt.png,EN0075,79633261-9486-4c96-9760-5bad857b9e7e,dry-run,,,
"/Volumes/Condivisa/FOTO ENERGICA 2025/EN0076 CINGHIALI GRANULARE 2,5LT.png",EN0076,d0a1e11f-4bfc-4e10-a25c-b2f9d65a13ab,dry-run,,,
/Volumes/Condivisa/FOTO ENERGICA 2025/EN0078 VIPERE SPRAY 1LT.png,EN0078,f24c3aac-c356-4a88-abb9-6c860b09691d,dry-run,,,
/Volumes/Condivisa/FOTO ENERGICA 2025/EN0079 VIPERE SPRAY 500ML.png,EN0079,e9a876ff-dbb8-4ef4-8458-d77be9bd6952,dry-run,,,
"/Volumes/Condivisa/FOTO ENERGICA 2025/EN0081 RETTILI CUBO GEL 2,5LT.png",EN0081,b353f782-9a80-4f68-83c7-baf4b583b9ce,dry-run,,,
/Volumes/Condivisa/FOTO ENERGICA 2025/EN0082 RETTILI CUBO GEL 1LT.png,EN0082,b284c624-7669-42c1-b959-8cafd77df4a7,dry-run,,,
/Volumes/Condivisa/FOTO ENERGICA 2025/EN0083 RETTILI GEL 1LT.png,EN0083,5a131031-07cc-4297-a094-83c294fe6b2c,dry-run,,,
/Volumes/Condivisa/FOTO ENERGICA 2025/EN0084 RETTILI SPRAY 1LT.png,EN0084,a42fb6ec-fff9-4ab2-bad1-f4868144660a,dry-run,,,
/Volumes/Condivisa/FOTO ENERGICA 2025/EN0085 RETTILI GRANULARE 1LT.png,EN0085,86f677c8-4dfe-4387-99da-3fb5ac32f954,dry-run,,,
/Volumes/Condivisa/FOTO ENERGICA 2025/EN0086 GECHI SPRAY 1LT.png,EN0086,1fd2e48e-6174-425a-8873-d947763f374c,dry-run,,,
/Volumes/Condivisa/FOTO ENERGICA 2025/EN0087 GECHI SPRAY 500ML.png,EN0087,5bf7331b-b3c2-4a59-b74c-b91027c10f3e,dry-run,,,
/Volumes/Condivisa/FOTO ENERGICA 2025/EN0090 RETTILI SPRAY 750ML.png,EN0090,1902be79-096e-4b56-9af8-53f94b0dd207,dry-run,,,
/Volumes/Condivisa/FOTO ENERGICA 2025/EN0091 VIPERE SPRAY 750ML.png,EN0091,4afa6a71-ce96-42eb-b2e9-c47d4328cdbe,dry-run,,,
/Volumes/Condivisa/FOTO ENERGICA 2025/EN0092 GECHI SPRAY 750ML.png,EN0092,6f81c9a7-af01-47bb-aba4-77d8f0c954b1,dry-run,,,
/Volumes/Condivisa/FOTO ENERGICA 2025/EN0093 FORMICHE GEL 150ML .png,EN0093,1d98fd07-97b3-4d91-b095-24aace987748,dry-run,,,
/Volumes/Condivisa/FOTO ENERGICA 2025/EN0094 FORMICHE SPRAY 500ML.png,EN0094,bfd66ba5-7ed2-45c7-8bfa-fb608ce5bc60,dry-run,,,
/Volumes/Condivisa/FOTO ENERGICA 2025/EN0095 FORMICHE SPRAY 1LT.png,EN0095,624d917f-0f2c-4c8e-b56d-4d3258149a24,dry-run,,,
/Volumes/Condivisa/FOTO ENERGICA 2025/EN0096 FORMICHE GEL 1LT.png,EN0096,de648180-54db-4263-ae8a-f5eb1b981d8f,dry-run,,,
/Volumes/Condivisa/FOTO ENERGICA 2025/EN0097 FORMICHE GRANULARE 1LT.png,EN0097,3a694aa3-ec83-4ee9-ac56-bda5a8c0c40d,dry-run,,,
/Volumes/Condivisa/FOTO ENERGICA 2025/EN0098 FORMICHE GRANULARE 500ML.png,EN0098,11e0e757-27a7-4d4b-9393-375557ec27dc,dry-run,,,
/Volumes/Condivisa/FOTO ENERGICA 2025/EN0099 FORMICHE GRANULARE 250ML.png,EN0099,b43c519b-701b-44a0-bf69-a40fe8bea546,dry-run,,,
/Volumes/Condivisa/FOTO ENERGICA 2025/EN0100 RATTI SPRAY 750ML.png,EN0100,3fb41766-9386-4816-8118-4ce8cef6f9e4,dry-run,,,
/Volumes/Condivisa/FOTO ENERGICA 2025/EN0101 RATTI SPRAY 1LT.png,EN0101,9896e5e9-37e1-4eea-8c9b-bfd0cca55fc9,dry-run,,,
/Volumes/Condivisa/FOTO ENERGICA 2025/EN0102 RATTI SPRAY 500ML.png,EN0102,2f15a821-e52d-4b47-9eea-ac445eba7b8f,dry-run,,,
/Volumes/Condivisa/FOTO ENERGICA 2025/EN0103 RATTI GEL 1LT.png,EN0103,c8ee5373-759a-46a6-8014-674c91681063,dry-run,,,
/Volumes/Condivisa/FOTO ENERGICA 2025/EN0104 RATTI CUBO GEL 1LT.png,EN0104,2293dcd5-6499-4896-ad59-6f280ee99ce1,dry-run,,,
"/Volumes/Condivisa/FOTO ENERGICA 2025/EN0105 RATTI CUBO GEL 2,5LT.png",EN0105,61ecc21e-0147-4e68-b4bb-fe132cfae6c7,dry-run,,,
/Volumes/Condivisa/FOTO ENERGICA 2025/EN0106 RATTI GRANULARE 1LT.png,EN0106,9f24fce3-dbcc-46b6-a2c5-eae947f47ac8,dry-run,,,
/Volumes/Condivisa/FOTO ENERGICA 2025/EN0107 RATTI GEL 150ML.png,EN0107,6002e573-d73e-4bac-b3da-6521b0de841c,dry-run,,,
/Volumes/Condivisa/FOTO ENERGICA 2025/EN0108 ATTRATTIVO TOPI GELVANIGLIA 150ML.png,EN0108,36d5947c-9688-4c5a-a28e-be03a4ac2bb6,dry-run,,,
/Volumes/Condivisa/FOTO ENERGICA 2025/EN0109 ATTRATTIVO MELA VERDE 150ML.png,EN0109,143fac4e-0368-40d8-84e5-3f201ae87afc,dry-run,,,
/Volumes/Condivisa/FOTO ENERGICA 2025/EN0110 ATTRATTIVO FORMAGGIO 150ML.png,EN0110,d659a772-a165-4e7a-a1ff-1b34c5ad64fd,dry-run,,,
/Volumes/Condivisa/FOTO ENERGICA 2025/EN0111 ATTRATTIVO CACAO 150ML.png,EN0111,d85b962b-2e68-4ad1-803c-80de6f3a0aa4,dry-run,,,
/Volumes/Condivisa/FOTO ENERGICA 2025/EN0115 disabituanteINSETTI GERANIO SPRAY 500ML.png,EN0115,bbd473a9-41de-4fe0-8936-91357138033c,dry-run,,,
/Volumes/Condivisa/FOTO ENERGICA 2025/EN0116 ZECCHE E PULCI SPRAY TIMO 500ML.png,EN0116,7f414bcc-c5e4-477f-90cf-0a71cc4fc304,dry-run,,,
/Volumes/Condivisa/FOTO ENERGICA 2025/EN0117 SCACCIA CIMICI DA LETTO SPRAY 500ML.png,EN0117,75db2755-6d21-4d22-8f8d-0fcc752ba34f,dry-run,,,
/Volumes/Condivisa/FOTO ENERGICA 2025/EN0118 PESCIOLINI D'ARGENTO SPRAY 500ML.png,EN0118,edb65bf7-0004-4260-91f1-0c25fd6c97cd,dry-run,,,
/Volumes/Condivisa/FOTO ENERGICA 2025/EN0120 SALVIETTE CUOIO ENERGICA 40PZ.png,EN0120,757a3031-d197-44f4-89c6-7095effd43d7,dry-run,,,
/Volumes/Condivisa/FOTO ENERGICA 2025/EN0124 CASSONETTI SPRAY 500ML.png,EN0124,fe38473a-d08e-48f9-8d9d-654994c2561e,dry-run,,,
/Volumes/Condivisa/FOTO ENERGICA 2025/EN0125 IGIENIZZANTE CASSONETTI SPRAY 1LT.png,EN0125,e1c697a4-08c2-4e3e-9135-93f7c5ecdd46,dry-run,,,
/Volumes/Condivisa/FOTO ENERGICA 2025/EN0126 CUCCE SPRAY 500ML.png,EN0126,6ddba44b-5701-475c-bf0a-8c4d588a192c,dry-run,,,
/Volumes/Condivisa/FOTO ENERGICA 2025/EN0127 DEODORANTE CUCCE SPRAY 1LT.png,EN0127,40348440-c7cb-492e-b7d4-64d5b730f917,dry-run,,,
/Volumes/Condivisa/FOTO ENERGICA 2025/EN0128 DEODORANTE CUCCE SPRAY 125ml.png,EN0128,ea988a8e-3a1a-4d21-a06c-6046221c7c20,dry-run,,,
/Volumes/Condivisa/FOTO ENERGICA 2025/EN0130 LETTIERA SPRAY 500ML.png,EN0130,2c357d3a-f4c9-42c2-904b-85e5e00ca089,dry-run,,,
/Volumes/Condivisa/FOTO ENERGICA 2025/EN0135 BACTER SELECT INTERNI AUTO SPRAY 750ML.png,EN0135,de032630-2eac-479e-a098-74184f77bfad,dry-run,,,
/Volumes/Condivisa/FOTO ENERGICA 2025/EN0136 BACTER SELECT CUCCE SPRAY 750ML.png,EN0136,3ad44460-ccef-4e0b-8923-f5760fb5c703,dry-run,,,
/Volumes/Condivisa/FOTO ENERGICA 2025/EN0137 BACTER SELECT TESSUTI SPRAY 750ML.png,EN0137,55a84ddf-18e9-4598-95c3-ebd896c9f351,dry-run,,,
/Volumes/Condivisa/FOTO ENERGICA 2025/EN0138 BACTER SELECT ANTI ODORE SPRAY 750ML.png,EN0138,c5d3e45c-324a-4fca-b1c1-a9832c02da42,dry-run,,,
/Volumes/Condivisa/FOTO ENERGICA 2025/EN0140 PROPOLI SPRAY 1LT.png,EN0140,c52be174-4da5-418e-9e29-09f4735267a0,dry-run,,,
/Volumes/Condivisa/FOTO ENERGICA 2025/EN0142 BICARBONATO DI SODIO SPRAY 500ML.png,EN0142,556864f2-631d-456a-b4ed-c5b15dbb7ac4,dry-run,,,
/Volumes/Condivisa/FOTO ENERGICA 2025/EN0143 BICARBONATO DI SODIO 200G.png,EN0143,e0a90f38-fe3b-4d3c-8373-4885e26fce70,dry-run,,,
/Volumes/Condivisa/FOTO ENERGICA 2025/EN0144 ACETO CONCENTRATO 500G.png,EN0144,fae4bb11-db28-4c8a-9619-fb95d667387b,dry-run,,,
/Volumes/Condivisa/FOTO ENERGICA 2025/EN0145 ACETO CONCENTRATO 200G.png,EN0145,28f9149e-b1ea-49eb-b747-5c3cd64af92a,dry-run,,,
/Volumes/Condivisa/FOTO ENERGICA 2025/EN0148 BICARBONATO DI SODIO SPRAY 1LT.png,EN0148,286b1ccf-8013-4fda-825e-17dd843db459,dry-run,,,
/Volumes/Condivisa/FOTO ENERGICA 2025/EN0150 TRAPPOLA MOSCHE.png,EN0150,1ebc9bac-e868-4f36-9668-af7269295fcb,dry-run,,,
/Volumes/Condivisa/FOTO ENERGICA 2025/EN0151 TRAPPOLA VESPE.png,EN0151,d0023066-ff06-4961-ae23-d03f838517fe,dry-run,,,
/Volumes/Condivisa/FOTO ENERGICA 2025/EN0152 TRAPPOLA MOSCHE SCUDERIE.png,EN0152,4faa2394-2a75-40b8-bf82-3e46e4abc405,dry-run,,,
/Volumes/Condivisa/FOTO ENERGICA 2025/EN0153 ATTRATTIVO VESPE 500ML.png,EN0153,20297caf-3da2-4f73-bd62-999a39b1a5c4,dry-run,,,
/Volumes/Condivisa/FOTO ENERGICA 2025/EN0154 ACQUA GEL 1LT.png,EN0154,b2ad9771-eb4d-4e58-9464-885e48b09103,dry-run,,,
/Volumes/Condivisa/FOTO ENERGICA 2025/EN0155 ACQUA GEL 300ML.png,EN0155,c654d5a4-191f-497a-8c82-1fa1336308c2,dry-run,,,
/Volumes/Condivisa/FOTO ENERGICA 2025/EN0156 OLIO DI NEEM SPRAY 1LT.png,EN0156,fd951636-e55b-42c6-8a28-2b7b82f6bc55,dry-run,,,
/Volumes/Condivisa/FOTO ENERGICA 2025/EN0157 CONTROLLER NEEM+LINO SPRAY 500ML.png,EN0157,d0f75ff3-b2dc-4e8d-a137-faa7f6058b46,dry-run,,,
/Volumes/Condivisa/FOTO ENERGICA 2025/EN0158 ORTICA LIQUIDO 200G.png,EN0158,fa447958-7859-46ae-80de-d7503d700731,dry-run,,,
/Volumes/Condivisa/FOTO ENERGICA 2025/EN0159 CONTROLLER NEEM+SAPONE SPRAY 500ML.png,EN0159,98cd21d6-7854-42f7-9040-139abd4b50b4,dry-run,,,
/Volumes/Condivisa/FOTO ENERGICA 2025/EN0160 OLIO DI SOIA SPRAY 1LT.png,EN0160,9d309786-f261-40fb-aa08-2ceab90a1702,dry-run,,,
/Volumes/Condivisa/FOTO ENERGICA 2025/EN0162 OLIO DI LINO SPRAY 1LT.png,EN0162,1950d951-ffd3-488e-9109-65ab6632aae0,dry-run,,,
/Volumes/Condivisa/FOTO ENERGICA 2025/EN0163 SAPONE MOLLE SPRAY 1 lt.png,EN0163,89cf4ceb-b148-4744-b19d-eb2a4762bdc7,dry-run,,,
/Volumes/Condivisa/FOTO ENERGICA 2025/EN0164 SAPONE MOLLE SPRAY 500ML.png,EN0164,76401568-ddaa-435c-8125-e9ace63fc5dd,dry-run,,,
/Volumes/Condivisa/FOTO ENERGICA 2025/EN0165 SAPONE MOLLE 750ML.png,EN0165,523ebba7-3a70-4d5b-bf8f-e9a9da582abd,dry-run,,,
/Volumes/Condivisa/FOTO ENERGICA 2025/EN0166 SAPONE MOLLE LIQUIDO 200G.png,EN0166,0b5759aa-3dd4-4582-96ef-22062a987765,dry-run,,,
/Volumes/Condivisa/FOTO ENERGICA 2025/EN0167 SAPONE MOLLE LIQUIDO 500G.png,EN0167,7706dac2-68c5-421e-a696-2007d005698a,dry-run,,,
/Volumes/Condivisa/FOTO ENERGICA 2025/EN0168 SAPONE MOLLE LIQUIDO 1KG.png,EN0168,183bc374-82cc-4ec5-8fea-8c55d97bdcec,dry-run,,,
/Volumes/Condivisa/FOTO ENERGICA 2025/EN0169 OLIO DI SOIA SPRAY 500ML.PNG,EN0169,0b47c410-b23e-4611-8beb-67a72ec10f8e,dry-run,,,
/Volumes/Condivisa/FOTO ENERGICA 2025/EN0170 ACETO SPRAY 500ML.png,EN0170,3d415fb8-aa9e-4753-8933-e520c6a28ea1,dry-run,,,
/Volumes/Condivisa/FOTO ENERGICA 2025/EN0171 ACETO SPRAY 750ML.png,EN0171,9dffc09a-db5e-4f06-a686-e46af3b0ac62,dry-run,,,
/Volumes/Condivisa/FOTO ENERGICA 2025/EN0172 ACETO LIQUIDO 1KG.png,EN0172,5f5b0257-6b16-44d6-9d08-670a03590b36,dry-run,,,
/Volumes/Condivisa/FOTO ENERGICA 2025/EN0173 OLIO DI NEEM SPRAY 750ML.png,EN0173,bd850f63-c9bd-4a25-a5eb-ada113adfb7c,dry-run,,,
/Volumes/Condivisa/FOTO ENERGICA 2025/EN0174 OLIO DI NEEM+SAPONE MOLLE SPRAY 750ML.png,EN0174,3056aa72-ed91-4836-a6b3-a791268dc48f,dry-run,,,
/Volumes/Condivisa/FOTO ENERGICA 2025/EN0175 OLIO DI NEEM SPRAY 500ML.png,EN0175,35077d52-3e7c-4486-917e-82290895be05,dry-run,,,
/Volumes/Condivisa/FOTO ENERGICA 2025/EN0176 OLIO DI NEEM LIQUIDO 200G.png,EN0176,2353e3ed-68c8-4698-94d9-4b033d548867,dry-run,,,
/Volumes/Condivisa/FOTO ENERGICA 2025/EN0177 OLIO DI NEEM LIQUIDO 500G.png,EN0177,8360a808-19a7-4a17-a42c-8cce449c089f,dry-run,,,
/Volumes/Condivisa/FOTO ENERGICA 2025/EN0178 OLIO DI NEEM+OLIO DI LINO SPRAY 750ML.png,EN0178,f5b58c0e-c515-4862-9a18-65f0b6fd37eb,dry-run,,,
/Volumes/Condivisa/FOTO ENERGICA 2025/EN0179 OLIO DI LINO LIQUIDO 500G.png,EN0179,4963f922-a839-45c5-9f09-ff13d7b8930d,dry-run,,,
/Volumes/Condivisa/FOTO ENERGICA 2025/EN0180 OLIO DI LINO SPRAY 500ML.png,EN0180,4040bd81-7ed4-4042-8545-78c8985b0a68,dry-run,,,
/Volumes/Condivisa/FOTO ENERGICA 2025/EN0181 OLIO DI SOIA LIQUIDO 200G.png,EN0181,12049ad8-c172-46b4-927f-9f6c67f6c8b4,dry-run,,,
/Volumes/Condivisa/FOTO ENERGICA 2025/EN0182 LECITINA DI SOIA LIQUIDO 200G.png,EN0182,6b5e8e23-6985-4bfd-9be9-63de3d17ce6b,dry-run,,,
/Volumes/Condivisa/FOTO ENERGICA 2025/EN0183 OLIO DI SOIA LIQUIDO 500G.png,EN0183,03023de5-74ac-490e-ab1e-d5dec1bd866e,dry-run,,,
/Volumes/Condivisa/FOTO ENERGICA 2025/EN0184 LECITINA DI SOIA LIQUIDO 500G.png,EN0184,02612f14-073b-4ee4-b88b-4defb8f26172,dry-run,,,
/Volumes/Condivisa/FOTO ENERGICA 2025/EN0185 ORTICA SPRAY 500ML.png,EN0185,e92c225b-7152-4abd-8cf4-673cbefd65dc,dry-run,,,
/Volumes/Condivisa/FOTO ENERGICA 2025/EN0186 ORTICA LIQUIDO 500G.png,EN0186,494b5035-971d-4b7b-a6e7-07327cbed261,dry-run,,,
/Volumes/Condivisa/FOTO ENERGICA 2025/EN0187 OLIO DI LINO SPRAY 750ML.png,EN0187,6123d305-f416-4ca7-a9a1-50bd408935a5,dry-run,,,
/Volumes/Condivisa/FOTO ENERGICA 2025/EN0188 LECITINA DI SOIA 750ML.png,EN0188,c4302744-2a9f-4570-b76f-8c20eeb710bf,dry-run,,,
/Volumes/Condivisa/FOTO ENERGICA 2025/EN0189 OLIO DI SOIA SPRAY 750ML.png,EN0189,1dd3aabd-0113-463b-9041-49f7bc2f9262,dry-run,,,
/Volumes/Condivisa/FOTO ENERGICA 2025/EN0190 PROPOLI SPRAY 500ML.png,EN0190,9d876837-a7ff-402c-b547-1113952b66c2,dry-run,,,
/Volumes/Condivisa/FOTO ENERGICA 2025/EN0191 PROPOLI LIQUIDO 500G.png,EN0191,730e0837-d09b-4652-8822-69f036da6ee7,dry-run,,,
/Volumes/Condivisa/FOTO ENERGICA 2025/EN0192 PROPOLI SPRAY 750ML.png,EN0192,18e730e6-cba2-4d00-8779-d0bf5596fbff,dry-run,,,
/Volumes/Condivisa/FOTO ENERGICA 2025/EN0193 PROPOLI LIQUIDO 1KG.png,EN0193,05680a98-6e3a-4fb5-bb00-24476549d092,dry-run,,,
/Volumes/Condivisa/FOTO ENERGICA 2025/EN0194 LECITINA DI SOIA LIQUIDO 1KG.png,EN0194,a104b9cf-c9cb-44b9-a63c-925f499bc818,dry-run,,,
/Volumes/Condivisa/FOTO ENERGICA 2025/EN0195 EQUISETO LIQUIDO 200G.png,EN0195,697cee7c-6adb-425c-9ae5-58c1073f7ff6,dry-run,,,
/Volumes/Condivisa/FOTO ENERGICA 2025/EN0196 EQUISETO LIQUIDO 500G.png,EN0196,73ce2c0d-3d07-4fcf-bef2-e2d58bae8940,dry-run,,,
/Volumes/Condivisa/FOTO ENERGICA 2025/EN0197 OLIO DI SOIA LIQUIDO 1KG.png,EN0197,96401751-1699-4026-a775-1f0d576ed279,dry-run,,,
/Volumes/Condivisa/FOTO ENERGICA 2025/EN0198 BICARBONATO DI SODIO 500G.png,EN0198,cca3dc1d-19c3-414f-81e3-2a193f0658f3,dry-run,,,
/Volumes/Condivisa/FOTO ENERGICA 2025/EN0199 BICARBONATO DI SODIO SPRAY 750ML.png,EN0199,78cb65d3-a30e-4100-809d-9e0052bb0d27,dry-run,,,
/Volumes/Condivisa/FOTO ENERGICA 2025/EN0200 OLIO DI LINO LIQUIDO 1KG.png,EN0200,5ea5fa77-41c0-4741-94a1-9c4620b574b4,dry-run,,,
/Volumes/Condivisa/FOTO ENERGICA 2025/EN0201 BICARBONATO DI SODIO 1KG.png,EN0201,db800e12-24a2-45c4-a012-93d0d3fd2c05,dry-run,,,
/Volumes/Condivisa/FOTO ENERGICA 2025/EN0202 OLIO DI NEEM LIQUIDO 1KG.png,EN0202,98a39605-3e57-46c5-830c-8bf170faceac,dry-run,,,
/Volumes/Condivisa/FOTO ENERGICA 2025/EN0203 CONCIME POL NEEM GRANULARE 800G.png,EN0203,f9acfd79-f540-4900-b3ea-f65e8044b261,dry-run,,,
/Volumes/Condivisa/FOTO ENERGICA 2025/EN0204 CONCIME POL NEEM GRANULARE 750G.png,EN0204,92089a84-f710-4dc3-83f2-be08ef3cc655,dry-run,,,
/Volumes/Condivisa/FOTO ENERGICA 2025/EN0205 CORROBORANTE CAOLINO POLVERE 900G.png,EN0205,a0ca3dd7-33bd-459b-bf9e-72cb56a27aa6,dry-run,,,
/Volumes/Condivisa/FOTO ENERGICA 2025/EN0206 CAOLINO POLVERE 2KG.png,EN0206,fb5e9efa-e33c-4a2d-90d3-01cb4b6df66c,dry-run,,,
/Volumes/Condivisa/FOTO ENERGICA 2025/EN0207 CORROBORANTE ZEOLITE POLVERE 1KG.png,EN0207,83802ace-4467-4bec-bae1-a1632cc191cc,dry-run,,,
"/Volumes/Condivisa/FOTO ENERGICA 2025/EN0208 CORROBORANTE ZEOLITE POLVERE 2,5KG.png",EN0208,d262ad62-8d74-4a16-a5b5-8310ced7e2e5,dry-run,,,
/Volumes/Condivisa/FOTO ENERGICA 2025/EN0211 POTENZIATORE ZEOLITE+RAME 1KG.png,EN0211,4668b95f-04b7-4a09-b19d-7304828c8d26,dry-run,,,
"/Volumes/Condivisa/FOTO ENERGICA 2025/EN0212 ZEOLITE+RAME POTENZIATORE 2,5KG.png",EN0212,80ca3612-f296-4f9e-a7a6-6392f89e7079,dry-run,,,
/Volumes/Condivisa/FOTO ENERGICA 2025/EN0214 CONCIME RAME 20 GRANULARE 1KG.png,EN0214,57d659b8-9b71-40a8-bd97-41c50feccd50,dry-run,,,
/Volumes/Condivisa/FOTO ENERGICA 2025/EN0216 CONCIME RAME 30 GRANULARE 1KG.png,EN0216,7fb981e8-9b26-417d-b0a5-ce54abbae043,dry-run,,,
/Volumes/Condivisa/FOTO ENERGICA 2025/EN0218 CONCIME ZOLFO 80 GRANULARE 1KG.png,EN0218,c8cd7ef7-7d8b-4e34-ba10-fc0d7db39cba,dry-run,,,
/Volumes/Condivisa/FOTO ENERGICA 2025/EN0220 CONTROLLER POLVERE DI ROCCIA 1KG.png,EN0220,55eb31d0-931f-433a-8cf4-22e3ad77d1ad,dry-run,,,
"/Volumes/Condivisa/FOTO ENERGICA 2025/EN0221 CONTROLLER POLVERE DI ROCCIA 2,5KG.png",EN0221,2c4c6248-e0a1-49b5-9d15-5f12386626a7,dry-run,,,
/Volumes/Condivisa/FOTO ENERGICA 2025/EN0222 CONTROLLER FARINA DI BASALTO 1KG.png,EN0222,874b176d-a6ce-474e-91e8-06fee83f2b28,dry-run,,,
"/Volumes/Condivisa/FOTO ENERGICA 2025/EN0223 CONTROLLER FARINA DI BASALTO 2,5KG.png",EN0223,007d9e1a-ee90-4666-9ad0-a53b69184db1,dry-run,,,
/Volumes/Condivisa/FOTO ENERGICA 2025/EN0224 CONTROLLER BICARBOMED POLVERE 1KG.png,EN0224,bcac458b-ee35-492b-8b76-104976763d10,dry-run,,,
"/Volumes/Condivisa/FOTO ENERGICA 2025/EN0225 CONTROLLER BICARBOMED POLVERE 2,5KG.png",EN0225,8de0dc21-dd00-4281-b4ba-a10105833cbf,dry-run,,,
/Volumes/Condivisa/FOTO ENERGICA 2025/EN0226 CONTROLLER POTASSICO POLVERE 1KG.png,EN0226,458a53b0-c7ea-42d0-ae2f-ef6692788849,dry-run,,,
"/Volumes/Condivisa/FOTO ENERGICA 2025/EN0227 CONTROLLER POTASSICO POLVERE 2,5KG.png",EN0227,de99de67-0e21-416b-9400-afb984537232,dry-run,,,
/Volumes/Condivisa/FOTO ENERGICA 2025/EN0228 CONTROLLER TANNINO LIQUIDO 1KG.png,EN0228,972aafd3-9be7-4337-9a82-3706d48b666e,dry-run,,,
/Volumes/Condivisa/FOTO ENERGICA 2025/EN0229 CONTROLLER TANNINO LIQUIDO 500G.png,EN0229,97b1f2cc-e508-40e5-8eea-64c6695c18c5,dry-run,,,
/Volumes/Condivisa/FOTO ENERGICA 2025/EN0230 CONCIME FRAGOLA GRANULARE 1KG.png,EN0230,8fde1cd2-092c-405b-9cc6-df47f8bfb2a5,dry-run,,,
/Volumes/Condivisa/FOTO ENERGICA 2025/EN0231 CONCIME KIWI GRANULARE 1KG.png,EN0231,01f7c7e3-b94b-4566-8cdd-271ad55c7a0b,dry-run,,,
/Volumes/Condivisa/FOTO ENERGICA 2025/EN0232 CONCIME FRUTTI DI BOSCO GRANULARE 1KG.png,EN0232,09fd26ce-fc31-40f8-89c0-d855bebed6d7,dry-run,,,
/Volumes/Condivisa/FOTO ENERGICA 2025/EN0233 CONCIME PEPERONCINI GRANULARE 1KG.png,EN0233,aec76521-3e20-40b4-9aed-f48c7977f739,dry-run,,,
/Volumes/Condivisa/FOTO ENERGICA 2025/EN0237 RICARICA TRAPPOLA VESPE.png,EN0237,83ddd78c-584e-4282-acde-31b6cd3d18ea,dry-run,,,
/Volumes/Condivisa/FOTO ENERGICA 2025/EN0238 RICARICA TRAPPOLA MOSCHE.png,EN0238,a0d18e20-991e-4ee9-ac68-6557b994eca6,dry-run,,,
/Volumes/Condivisa/FOTO ENERGICA 2025/EN0239 RICARICA TRAPPOLA MOSCHE SCUDERIA.png,EN0239,5876ff0f-4106-4f6a-ad14-e75cba398a80,dry-run,,,
"/Volumes/Condivisa/FOTO ENERGICA 2025/EN0240 ATTIVATORE COMPOSTAGGIO 2,5KG.png",EN0240,20196af8-0a13-45a1-b492-c25fcba5f8e3,dry-run,,,
/Volumes/Condivisa/FOTO ENERGICA 2025/EN0241 ATTIVATORE COMPOSTAGGIO 1KG.png,EN0241,7b12c1d5-7d5d-4f53-bbd0-33b274b6f9ed,dry-run,,,
/Volumes/Condivisa/FOTO ENERGICA 2025/EN0244 CONTROLLER TANNINO LIQUIDO 250G.png,EN0244,189efe12-a45a-424d-8393-58841759bc76,dry-run,,,
/Volumes/Condivisa/FOTO ENERGICA 2025/EN0247 CONCIME PIANTE GRASSE LIQUIDO 500G.png,EN0247,b9839b86-8276-4c19-ba31-84f072fcf8a7,dry-run,,,
/Volumes/Condivisa/FOTO ENERGICA 2025/EN0248 CONCIME AGRUMI LIQUIDO 500G.png,EN0248,e7fb237a-0c00-41bf-a384-d22e474fa4ba,dry-run,,,
/Volumes/Condivisa/FOTO ENERGICA 2025/EN0249 CONCIME AGRUMI LIQUIDO 1KG.png,EN0249,296373ab-f749-4094-86c2-c190eaebb881,dry-run,,,
/Volumes/Condivisa/FOTO ENERGICA 2025/EN0250 CONCIME PIANTE GRASSE LIQUIDO 1KG.png,EN0250,6091477b-f219-49e0-94c6-77684ba8d458,dry-run,,,
/Volumes/Condivisa/FOTO ENERGICA 2025/EN0251 CONCIME UNIVERSALE GRANULARE 1KG.png,EN0251,e7b6fb1a-df45-4125-9e9c-a2c14e7ac1f3,dry-run,,,
/Volumes/Condivisa/FOTO ENERGICA 2025/EN0252 CONCIME GERANI GRANULARE 1KG.png,EN0252,92f911d1-5b0c-4cb8-8bd3-808dc7f7cb4c,dry-run,,,
/Volumes/Condivisa/FOTO ENERGICA 2025/EN0253 CONCIME ROSE GRANULARE 1KG.png,EN0253,995469ec-673f-44f8-a9b5-1f274c021a50,dry-run,,,
/Volumes/Condivisa/FOTO ENERGICA 2025/EN0254 CONCIME CYCAS GRANULARE 1KG.png,EN0254,e640b6d8-66c5-4ac3-9c5b-8d6c82c356fc,dry-run,,,
/Volumes/Condivisa/FOTO ENERGICA 2025/EN0255 CONCIME AZALEE GRANULARE 1KG.png,EN0255,3e64b654-abfd-464e-a9d3-87295b56e7d8,dry-run,,,
/Volumes/Condivisa/FOTO ENERGICA 2025/EN0256 CONCIME UNIVERSALE BLU GRANULARE 1KG.png,EN0256,3f8bde9f-7c79-4ad5-b6cc-9ebe399b3b3d,dry-run,,,
/Volumes/Condivisa/FOTO ENERGICA 2025/EN0257 CONCIME PIANTE FIORITE GRANULARE 1KG.png,EN0257,a7f10e66-a052-49e7-8bab-af8e34b9c0de,dry-run,,,
/Volumes/Condivisa/FOTO ENERGICA 2025/EN0258 CONCIME ORTENSIE GRANULARE 1KG.png,EN0258,1dcb5061-8fbe-452b-a646-bd1017cbc761,dry-run,,,
/Volumes/Condivisa/FOTO ENERGICA 2025/EN0259 CONCIME POMODORI GRANULARE 1KG.png,EN0259,b7e0acbf-511d-4f1a-b54f-df3b885c7064,dry-run,,,
/Volumes/Condivisa/FOTO ENERGICA 2025/EN0260 CALCIO MAGNESIO LIQUIDO 500G.png,EN0260,82ec6aa1-e95b-4060-9c23-88c3f0f7ca73,dry-run,,,
/Volumes/Condivisa/FOTO ENERGICA 2025/EN0261 CALCIO MAGNESIO LIQUIDO 1KG.png,EN0261,fa6f7af7-d5c4-4544-9385-c27b366b90e5,dry-run,,,
/Volumes/Condivisa/FOTO ENERGICA 2025/EN0262 FERRO SOLFATO POLVERE 1LT.png,EN0262,d6a7b39e-b288-4450-b677-86dc2da121e6,dry-run,,,
/Volumes/Condivisa/FOTO ENERGICA 2025/EN0263 CONCIME BOROCOMPLEX LIQUIDO 1KG.png,EN0263,a7b45d90-19c5-47e8-84f3-28643b754534,dry-run,,,
/Volumes/Condivisa/FOTO ENERGICA 2025/EN0264 FERRO SOLFATO LIQUIDO 1KG.png,EN0264,1bc7dd5d-7e98-4b29-a951-ab7cb14c4556,dry-run,,,
/Volumes/Condivisa/FOTO ENERGICA 2025/EN0265 CONCIME LUPINI 1KG.png,EN0265,dc5f10d7-e2b0-4400-b83c-f8079dfdcbe9,dry-run,,,
/Volumes/Condivisa/FOTO ENERGICA 2025/EN0266 FERRO CHELATO POLVERE 20x5.png,EN0266,81603031-636e-4c49-9227-24a433d36eba,dry-run,,,
/Volumes/Condivisa/FOTO ENERGICA 2025/EN0267 INTEGRATORE RAME+ZOLFO 750ML.png,EN0267,c99976b5-f30f-4740-a971-0bb5f7df4301,dry-run,,,
/Volumes/Condivisa/FOTO ENERGICA 2025/EN0267 RAME+ZOLFO 750ML.png,EN0267,c99976b5-f30f-4740-a971-0bb5f7df4301,dry-run,,,
/Volumes/Condivisa/FOTO ENERGICA 2025/EN0268 FERRO SOLFATO POLVERE 500ML.png,EN0268,382bde59-37fc-4d53-8d9a-3d1cc796b01b,dry-run,,,
/Volumes/Condivisa/FOTO ENERGICA 2025/EN0270 CONCIME ALGA UNIVERSALE 1KG.png,EN0270,d5b1c086-53cf-4144-b633-0a236f994fa3,dry-run,,,
/Volumes/Condivisa/FOTO ENERGICA 2025/EN0271 CONCIME AGRUMI ALGA LIQUIDO 1KG copia.png,EN0271,385bcb34-a79b-4df4-845b-7481402315ba,dry-run,,,
/Volumes/Condivisa/FOTO ENERGICA 2025/EN0272 CONCIME GERANI ALGA LIQUIDO 1KG.png,EN0272,4ae451dc-1b56-4470-9fef-4824e43868a8,dry-run,,,
/Volumes/Condivisa/FOTO ENERGICA 2025/EN0273 CONCIME LIQUIDO ACIDOFILE ALGA 1 KG.png,EN0273,7f7abead-b134-4c62-a52c-a8e14cdd7afc,dry-run,,,
/Volumes/Condivisa/FOTO ENERGICA 2025/EN0274 CONCIME PIANTE VERDI ALGA LIQUIDO 1KG.png,EN0274,46e997a6-ca28-40a9-a159-3e58fe6c4289,dry-run,,,
/Volumes/Condivisa/FOTO ENERGICA 2025/EN0275 CONCIME UNIVERSALE ALGA CON MANICO 500g.png,EN0275,b57ba764-4887-48e9-9b62-a3e63de2e0a8,dry-run,,,
/Volumes/Condivisa/FOTO ENERGICA 2025/EN0276 CONCIME AGRUMI ALGA LIQUIDO 500G.png,EN0276,5df24c66-a554-4e2a-9735-1bb47a5097d0,dry-run,,,
/Volumes/Condivisa/FOTO ENERGICA 2025/EN0277 CONCIME GERANI ALGA LIQUIDO 500G.png,EN0277,5d1fecc9-ce62-4b40-accc-8998730b7691,dry-run,,,
/Volumes/Condivisa/FOTO ENERGICA 2025/EN0278 CONCIME ACIDOFILE ALGA LIQUIDO 500G.png,EN0278,15b45014-eefe-41fa-9481-ca55760ef518,dry-run,,,
/Volumes/Condivisa/FOTO ENERGICA 2025/EN0280 RADICANTE GREENPOWER 500g.png,EN0280,5da190d3-487b-45b8-ae3e-784e2f541f97,dry-run,,,
/Volumes/Condivisa/FOTO ENERGICA 2025/EN0281 RADICANTE GREENPOWER 100g.png,EN0281,cc191286-4034-49bd-842f-dc41554b6e93,dry-run,,,
/Volumes/Condivisa/FOTO ENERGICA 2025/EN0284 CONCIME PIANTE VERDI ALGA LIQUIDO 500G.png,EN0284,cca3343f-a429-4c7e-b97a-11e65a4a1d16,dry-run,,,
/Volumes/Condivisa/FOTO ENERGICA 2025/EN0285 CONCIME BOROCOMPLEX LIQUIDO 500G.png,EN0285,89735d78-2d5b-49f4-8f93-6981aa30b005,dry-run,,,
/Volumes/Condivisa/FOTO ENERGICA 2025/EN0290 CONCIME AZZURRANTE GRANULARE 1KG.png,EN0290,a654c94b-a735-405d-be63-c7e201c04acd,dry-run,,,
/Volumes/Condivisa/FOTO ENERGICA 2025/EN0291 CHELATO DI FERRO POLVERE 1KG.png,EN0291,be4db081-2830-4a4d-8c0f-29201732e6d3,dry-run,,,
/Volumes/Condivisa/FOTO ENERGICA 2025/EN0292 CONCIME 20.20.20. BLU POLVERE 1KG.png,EN0292,4b5ce6b5-8548-4f92-adfa-f64b93ac1a6f,dry-run,,,
/Volumes/Condivisa/FOTO ENERGICA 2025/EN0295 CONCIME ROSE LENTA CESSIONE GRANULARE 1KG.png,EN0295,b51ebf12-c7e7-4427-b3b8-f9840df9d5f9,dry-run,,,
/Volumes/Condivisa/FOTO ENERGICA 2025/EN0296 CONCIME GERANI LENTA CESSIONE GRANULARE 1KG.png,EN0296,e8fcb013-54a8-4906-85fb-974bb56c91d1,dry-run,,,
/Volumes/Condivisa/FOTO ENERGICA 2025/EN0297 CONCIME ACIDOFILE LENTA CESSIONE GRANULARE 1KG.png,EN0297,2fa5396f-a1f3-4df4-98f9-fb1db97a9781,dry-run,,,
/Volumes/Condivisa/FOTO ENERGICA 2025/EN0298 CONCIME AGRUMI LENTA CESSIONE GRANULARE 1KG.png,EN0298,b888dfa2-d655-4d6f-92fd-c2c95d2e7f05,dry-run,,,
/Volumes/Condivisa/FOTO ENERGICA 2025/EN0299 CONCIME UNIVERSALE LENTA CESSIONE GRANULARE 1KG.png,EN0299,55593cff-e414-40df-a3ff-3c6bc04d6d7c,dry-run,,,
/Volumes/Condivisa/FOTO ENERGICA 2025/EN0300 CONCIME UNIVERSALE LIQUIDO 1KG.png,EN0300,e6281c1f-f675-4c57-8cb5-c4ce7d5d136c,dry-run,,,
/Volumes/Condivisa/FOTO ENERGICA 2025/EN0300 CONCIME UNIVERSALE LIQUIDO 500G.png,EN0300,e6281c1f-f675-4c57-8cb5-c4ce7d5d136c,dry-run,,,
/Volumes/Condivisa/FOTO ENERGICA 2025/EN0302 CONCIME PIANTE VERDI LIQUIDO 1KG.png,EN0302,d9edc9c1-b15d-4148-ab49-8f86f3900d29,dry-run,,,
/Volumes/Condivisa/FOTO ENERGICA 2025/EN0303 CONCIME PIANTE VERDI LIQUIDO 500G.png,EN0303,686d353a-44d1-4cd3-8f63-a2c247f4f55d,dry-run,,,
/Volumes/Condivisa/FOTO ENERGICA 2025/EN0304 CONCIME PIANTE FIORITE LIQUIDO 1KG.png,EN0304,23c89b6b-f063-42ef-8a31-7e40e1529a0f,dry-run,,,
/Volumes/Condivisa/FOTO ENERGICA 2025/EN0305 CONCIME PIANTE FIORITE LIQUIDO 500G.png,EN0305,d0850fbd-8e28-444c-af70-c4975d808186,dry-run,,,
/Volumes/Condivisa/FOTO ENERGICA 2025/EN0306 CONCIME ACIDOFILE LIQUIDO 1KG.png,EN0306,1107ab73-a52b-49b8-b60b-86b716640096,dry-run,,,
/Volumes/Condivisa/FOTO ENERGICA 2025/EN0307 CONCIME ACIDOFILE LIQUIDO 500G.png,EN0307,30d31d7c-46fd-4947-b697-c04c83faba24,dry-run,,,
/Volumes/Condivisa/FOTO ENERGICA 2025/EN0308 CONCIME GERANI LIQUIDO 1KG.png,EN0308,27e643d8-b9ab-44bc-8c57-9625ae617b4e,dry-run,,,
/Volumes/Condivisa/FOTO ENERGICA 2025/EN0309 CONCIME GERANI LIQUIDO 500G.png,EN0309,7e8bc5aa-c2dd-4a82-9c4c-9ce988a07ea9,dry-run,,,
/Volumes/Condivisa/FOTO ENERGICA 2025/EN0310 CONCIME ORCHIDEE LIQUIDO 1KG.png,EN0310,729a3cec-4506-47d9-a9c2-8d14e7de5942,dry-run,,,
/Volumes/Condivisa/FOTO ENERGICA 2025/EN0311 CONCIME ORCHIDEE LIQUIDO 500G.png,EN0311,dfd2f574-3338-4081-bac3-f0d49535e289,dry-run,,,
/Volumes/Condivisa/FOTO ENERGICA 2025/EN0312 CONCIME SANGUE DI BUE LIQUIDO 1KG.png,EN0312,73d47bbc-a033-423b-a187-776a5ebd5b9e,dry-run,,,
/Volumes/Condivisa/FOTO ENERGICA 2025/EN0313 CONCIME SANGUE DI BUE LIQUIDO 500G.png,EN0313,01d93336-ae41-428e-97f5-4e52dc1fc596,dry-run,,,
/Volumes/Condivisa/FOTO ENERGICA 2025/EN0314 CONCIME BORLANDA LIQUIDO 1KG.png,EN0314,c3bc07ac-a034-47a2-ab42-e074d36838b0,dry-run,,,
/Volumes/Condivisa/FOTO ENERGICA 2025/EN0315 CONCIME BORLANDA LIQUIDO 500G.png,EN0315,5544db0a-474e-4a35-b808-1c7e3ec76148,dry-run,,,
/Volumes/Condivisa/FOTO ENERGICA 2025/EN0316 CONCIME PIANTE CARNIVORE LIQUIDO 1KG.png,EN0316,8b29035a-49da-4a7a-8a97-ea0fa51a2504,dry-run,,,
/Volumes/Condivisa/FOTO ENERGICA 2025/EN0317 CONCIME PIANTE CARNIVORE LIQUIDO 500G.png,EN0317,24481ee1-a87a-4976-8477-d959c2d49e1a,dry-run,,,
/Volumes/Condivisa/FOTO ENERGICA 2025/EN0318 CONCIME PIANTE AROMATICHE LIQUIDO 1KG.png,EN0318,18026dd7-950b-4298-9d69-08f550efa1fe,dry-run,,,
/Volumes/Condivisa/FOTO ENERGICA 2025/EN0319 CONCIME PIANTE AROMATICHE LIQUIDO 500G.png,EN0319,1b568fa5-a57b-4f0e-91f6-8604d7ca1731,dry-run,,,
/Volumes/Condivisa/FOTO ENERGICA 2025/EN0320 CONCIME PICCOLI FRUTTI LIQUIDO 1KG.png,EN0320,34bdb94e-2d08-4946-80f8-716b41107a3e,dry-run,,,
/Volumes/Condivisa/FOTO ENERGICA 2025/EN0321 CONCIME PICCOLI FRUTTI LIQUIDO 500G.png,EN0321,b74fcc4b-111f-4b8d-87e4-75e008443669,dry-run,,,
/Volumes/Condivisa/FOTO ENERGICA 2025/EN0322 CONCIME ORTO E BALCONE LIQUIDO 1KG.png,EN0322,b6e52618-4d04-4aa0-b350-d81508e35be0,dry-run,,,
/Volumes/Condivisa/FOTO ENERGICA 2025/EN0323 CONCIME ORTO E BALCONE LIQUIDO 500G.png,EN0323,1a206055-21e3-436b-81f3-49261124183e,dry-run,,,
/Volumes/Condivisa/FOTO ENERGICA 2025/EN0330 CONTROLLER FUNGHI LIQUIDO 200G.png,EN0330,d34f7bff-3132-497e-98f3-b25a7940661f,dry-run,,,
/Volumes/Condivisa/FOTO ENERGICA 2025/EN0331 CONTROLLER FUNGHI LIQUIDO 500G.png,EN0331,4f0e429f-be46-434b-b8a6-6bbfb67cef35,dry-run,,,
/Volumes/Condivisa/FOTO ENERGICA 2025/EN0332 CONTROLLER FUNGHI LIQUIDO 1KG.png,EN0332,7ee02b8f-b911-4f43-bce3-e037afa0a393,dry-run,,,
/Volumes/Condivisa/FOTO ENERGICA 2025/EN0333 CONTROLLER FUNGHI SPRAY 500ML.png,EN0333,3dd22a82-690d-4ea6-9aa1-238a330c9be7,dry-run,,,
/Volumes/Condivisa/FOTO ENERGICA 2025/EN0334 CONTROLLER FUNGHI SPRAY 1LT.png,EN0334,d8d0793d-0c79-4e6b-a50b-c16a3434a380,dry-run,,,
/Volumes/Condivisa/FOTO ENERGICA 2025/EN0335 CONTROLLER ACAR LIQUIDO 200G.png,EN0335,3df7806f-22ce-42e7-aa4b-7d3c2d731aa6,dry-run,,,
/Volumes/Condivisa/FOTO ENERGICA 2025/EN0336 CONTROLLER ACAR LIQUIDO 500G.png,EN0336,1abbb5bf-2124-4b2b-ab6d-1a5f49f0cd4e,dry-run,,,
/Volumes/Condivisa/FOTO ENERGICA 2025/EN0337 CONTROLLER ACAR LIQUIDO 1KG.png,EN0337,01798282-91b6-41f9-93d4-bb34ba831788,dry-run,,,
/Volumes/Condivisa/FOTO ENERGICA 2025/EN0338 CONTROLLER ACAR SPRAY 500ML.png,EN0338,53793894-4347-47e7-ada6-0d8ef8216a9e,dry-run,,,
/Volumes/Condivisa/FOTO ENERGICA 2025/EN0339 CONTROLLER ACAR SPRAY 1LT.png,EN0339,588eea23-16be-4c28-9b2f-b9e3b456a61c,dry-run,,,
/Volumes/Condivisa/FOTO ENERGICA 2025/EN0340 CONTROLLER CIMICI LIQUIDO 200G.png,EN0340,671f6265-d075-4fe1-ae70-d81218dd6ede,dry-run,,,
/Volumes/Condivisa/FOTO ENERGICA 2025/EN0341 CONTROLLER CIMICI LIQUIDO 500G.png,EN0341,6cc35618-d75b-4809-a43f-eabd4b096cbb,dry-run,,,
/Volumes/Condivisa/FOTO ENERGICA 2025/EN0342 CONTROLLER CIMICI LIQUIDO 1KG.png,EN0342,0bd7a26a-53d7-460c-9627-e4f9b48e7326,dry-run,,,
/Volumes/Condivisa/FOTO ENERGICA 2025/EN0343 CONTROLLER BARRIERA CIMICI SPRAY 500ML.png,EN0343,4ac6ba03-923a-46c2-a0e5-7a500093438a,dry-run,,,
/Volumes/Condivisa/FOTO ENERGICA 2025/EN0344 CONTROLLER CIMICI SPRAY 1LT.png,EN0344,4d333e67-a724-4125-b7e8-2229f11b4dd0,dry-run,,,
/Volumes/Condivisa/FOTO ENERGICA 2025/EN0345 CONTROLLER INSETTI FLOREALI LIQUIDO 200G.png,EN0345,2040f9e3-1782-47cb-9642-c5554aaff28d,dry-run,,,
/Volumes/Condivisa/FOTO ENERGICA 2025/EN0346 CONTROLLER INSETTI FLOREALI LIQUIDO 500G.png,EN0346,80dfdc3e-ecf9-46ec-b1ad-e24bc1f8238f,dry-run,,,
/Volumes/Condivisa/FOTO ENERGICA 2025/EN0347 CONTROLLER INSETTI FLOREALI LIQUIDO 1KG.png,EN0347,dd28dba5-5ff0-4abe-b9af-a725e963d1f6,dry-run,,,
/Volumes/Condivisa/FOTO ENERGICA 2025/EN0348 CONTROLLER BARRIERA INSETTI FLOREALI SPRAY 500ML.png,EN0348,45ce6e59-e788-4d9b-9625-9f425ea065bf,dry-run,,,
/Volumes/Condivisa/FOTO ENERGICA 2025/EN0349 CONTROLLER INSETTI FLOREALI SPRAY 1LT.png,EN0349,1b15bf7f-506f-42ec-839f-31e9293dcffd,dry-run,,,
/Volumes/Condivisa/FOTO ENERGICA 2025/EN0350 SEMI PRATO SOLEGGIATO 1KG.png,EN0350,855ff696-1582-4ce3-99f5-d3381a507381,dry-run,,,
/Volumes/Condivisa/FOTO ENERGICA 2025/EN0351 SEMI PRATO CALPESTABILE 1KG.png,EN0351,fe066e54-4b3f-4971-9994-5da6352e8449,dry-run,,,
/Volumes/Condivisa/FOTO ENERGICA 2025/EN0352 SEMI PRATO UIVERSALE 1KG.png,EN0352,0b7a0525-526b-4567-875a-a4ff0acca4c4,dry-run,,,
/Volumes/Condivisa/FOTO ENERGICA 2025/EN0353 CONCIME RIGENERA PRATO GRANULARE 1KG.png,EN0353,5d06dc76-215a-4ead-b7c3-1d09e2c1a626,dry-run,,,
/Volumes/Condivisa/FOTO ENERGICA 2025/EN0354 CONCIME PRATO VERDE GRANULARE 1KG.png,EN0354,4532e62b-d7d7-486e-894e-9aaf88816c9b,dry-run,,,
/Volumes/Condivisa/FOTO ENERGICA 2025/EN0355 CONCIME DICONDRA REPENS GRANULARE 1KG.png,EN0355,e5bec6f3-df9e-460c-b205-ed25d73a7cb9,dry-run,,,
/Volumes/Condivisa/FOTO ENERGICA 2025/EN0356 CONCIME SIEPI E CONIFERE GRANULARE 1KG.png,EN0356,701d0acb-59d7-4fa3-a2fb-7242cbae48c0,dry-run,,,
/Volumes/Condivisa/FOTO ENERGICA 2025/EN0357 CONCIME STOP MUSCHIO GRANULARE 1KG.png,EN0357,081a3577-1134-4725-bcb1-79e193ec9cac,dry-run,,,
/Volumes/Condivisa/FOTO ENERGICA 2025/EN0360 CONTROLLER LUMACA BARRIERA NATURALE 1KG.png,EN0360,e0d21870-c36b-4f5b-91f6-ac5ea039bbac,dry-run,,,
/Volumes/Condivisa/FOTO ENERGICA 2025/EN0361 CONTROLLER AFID LIQUIDO 200G.png,EN0361,5b0a85a7-9e0a-493b-9070-1b01e2a8d725,dry-run,,,
/Volumes/Condivisa/FOTO ENERGICA 2025/EN0362 CONTROLLER AFID LIQUIDO 500G.png,EN0362,407ee1b7-b26e-427f-b111-890dd3ee67ed,dry-run,,,
/Volumes/Condivisa/FOTO ENERGICA 2025/EN0363 CONTROLLER AFID LIQUIDO 1KG.png,EN0363,f788714b-41b3-401d-b564-ff27ade8df6c,dry-run,,,
/Volumes/Condivisa/FOTO ENERGICA 2025/EN0364 CONTROLLER AFID SPRAY 500ML.png,EN0364,00eae529-b236-495d-bcf3-4759d0092c31,dry-run,,,
/Volumes/Condivisa/FOTO ENERGICA 2025/EN0365 CONTROLLER AFID SPRAY 1LT.png,EN0365,4b4ba6ab-d677-43f4-bd40-2bb17654f6d1,dry-run,,,
/Volumes/Condivisa/FOTO ENERGICA 2025/EN0366 CONTROLLER PINO LIQUIDO 200G.png,EN0366,2dba1a54-c112-4c7e-ae89-130d96be13e8,dry-run,,,
/Volumes/Condivisa/FOTO ENERGICA 2025/EN0367 CONTROLLER PINO LIQUIDO 500G.png,EN0367,47374c9b-729d-4ac8-a78c-1b7f2d4e3cc6,dry-run,,,
/Volumes/Condivisa/FOTO ENERGICA 2025/EN0370 RAME+ZOLFO ASTUCCIO 300G.png,EN0370,d96c5f5e-05c0-44fd-a6c7-5b81c5ac2f71,dry-run,,,
/Volumes/Condivisa/FOTO ENERGICA 2025/EN0371 RAME+ZOLFO SPRAY 500ML.png,EN0371,d210d972-3a51-4c0e-8ce7-6658231ac467,dry-run,,,
/Volumes/Condivisa/FOTO ENERGICA 2025/EN0372 POLTIFLOW LIQUIDO 500G.png,EN0372,0a7ffd7e-aec4-47c5-a22c-ff684302b025,dry-run,,,
/Volumes/Condivisa/FOTO ENERGICA 2025/EN0373 POLTIFLOW LIQUIDO 1KG.png,EN0373,f06fd7f5-b81a-4bcd-81f3-003a2d47afdc,dry-run,,,
/Volumes/Condivisa/FOTO ENERGICA 2025/EN0374 ZOLFO L LIQUIDO ASTUCCIO 300G.png,EN0374,8b81211c-7083-482e-b943-b256380f23a1,dry-run,,,
/Volumes/Condivisa/FOTO ENERGICA 2025/EN0375 ZOLFO L LIQUIDO 500G.png,EN0375,77ad0ea0-af88-4d02-80ea-f536bceb567f,dry-run,,,
/Volumes/Condivisa/FOTO ENERGICA 2025/EN0376 ZOLFO L LIQUIDO 1KG.png,EN0376,f37adfc1-6516-4984-a086-e91dbd35209e,dry-run,,,
/Volumes/Condivisa/FOTO ENERGICA 2025/EN0396 BORDOMIL PLUS LIQUIDO 500G.png,EN0396,67d84d20-8ec3-41b5-95be-7ceec515986c,dry-run,,,
/Volumes/Condivisa/FOTO ENERGICA 2025/EN0397 BORDOMIL PLUS LIQUIDO 1KG.png,EN0397,c739b983-3957-4f7e-a3c6-bdfb5219400d,dry-run,,,
/Volumes/Condivisa/FOTO ENERGICA 2025/EN0399 RAME 7 (OSSICLOR) ASTUCCIO 300G.png,EN0399,c707e6b9-ec89-4477-8ad2-9e58b696be25,dry-run,,,
/Volumes/Condivisa/FOTO ENERGICA 2025/EN0400 RAME 7 LIQUIDO 500G.png,EN0400,b65b4270-804f-402e-9243-949ae3f511bc,dry-run,,,
/Volumes/Condivisa/FOTO ENERGICA 2025/EN0401 RAME 7 LIQUIDO 1KG.png,EN0401,01c1be23-38bb-4d6c-b3d0-e10f99cb7d5e,dry-run,,,
/Volumes/Condivisa/FOTO ENERGICA 2025/EN0403 RAME 16 LIQUIDO 500G.png,EN0403,78fa2e7e-579a-4ed3-a1a1-5e794f63116b,dry-run,,,
/Volumes/Condivisa/FOTO ENERGICA 2025/EN0404 RAME 16 LIQUIDO 1KG.png,EN0404,d1d4bb68-05b9-4ac2-b743-850486463999,dry-run,,,
/Volumes/Condivisa/FOTO ENERGICA 2025/EN0420 ACETO SPRAY 1LT.png,EN0420,76f1e4a8-dbb0-4cd6-9836-fdb9a73a5b54,dry-run,,,
/Volumes/Condivisa/FOTO ENERGICA 2025/EN0424 TOPI GIUSTA DOSE 250ML.png,EN0424,9db80e01-e62f-4b61-9160-54cc4a61890f,dry-run,,,
/Volumes/Condivisa/FOTO ENERGICA 2025/EN0426 SCORPIONI GIUSTA DOSE 250ML.png,EN0426,e0b61f87-81f4-4f19-a002-73ecab55f11b,dry-run,,,
/Volumes/Condivisa/FOTO ENERGICA 2025/EN0428 ZANZARE LAVANDA GIUSTA DOSE 250ml.png,EN0428,0ad7a2c7-8743-421e-b514-d64426592649,dry-run,,,
/Volumes/Condivisa/FOTO ENERGICA 2025/EN0430 FORZA 1 SPRAY 500ML.png,EN0430,1732f9d4-35fb-4778-8a2a-7b24312fdc9d,dry-run,,,
/Volumes/Condivisa/FOTO ENERGICA 2025/EN0431 FORZA 2 SPRAY 500ML.png,EN0431,24c4b978-e43b-4022-913f-12e1e6ae3293,dry-run,,,
/Volumes/Condivisa/FOTO ENERGICA 2025/EN0432 FORZA 3 SPRAY 500ML.png,EN0432,b73423b6-a026-49ad-ba7e-c34a3ee8331f,dry-run,,,
/Volumes/Condivisa/FOTO ENERGICA 2025/EN0433 FORZA 4 SPRAY 500ML.png,EN0433,0d02199c-dafa-4cec-9a19-1145ef327f55,dry-run,,,
/Volumes/Condivisa/FOTO ENERGICA 2025/EN0442 CANI E GATTI GIUSTA DOSE 250ML.png,EN0442,df8dec6e-9d59-4b88-8404-9d1f28668665,dry-run,,,
/Volumes/Condivisa/FOTO ENERGICA 2025/EN0444 PICCIONI GIUSTA DOSE 250ML.png,EN0444,027b681e-dbcd-4a8a-8768-1c2c0d36b8d8,dry-run,,,
/Volumes/Condivisa/FOTO ENERGICA 2025/EN0446 RETTILI GIUSTA DOSE 250ML.png,EN0446,f30e5f2c-27e0-4a3a-b883-3ce54756045b,dry-run,,,
/Volumes/Condivisa/FOTO ENERGICA 2025/EN0448 GECHI GIUSTA DOSE 250ML.png,EN0448,d04d39b0-4ba1-4dab-a7ea-20950057c741,dry-run,,,
/Volumes/Condivisa/FOTO ENERGICA 2025/EN0450 ORTICA SPRAY 750ML.png,EN0450,4658814f-e2bf-41da-be38-cf27291faef9,dry-run,,,
/Volumes/Condivisa/FOTO ENERGICA 2025/EN0451 FORMICHE GIUSTA DOSE 250ML.png,EN0451,9029e364-70fc-4c3d-a20c-65c51bf16b10,dry-run,,,
/Volumes/Condivisa/FOTO ENERGICA 2025/EN0460 CONTROLLER OLIO DI ARANCIO+CITRUS LIQUIDO 200G.png,EN0460,3240e005-92db-4de7-a1cb-5105eca21758,dry-run,,,
/Volumes/Condivisa/FOTO ENERGICA 2025/EN0461 CONTROLLER OLIO DI ARANCIO+CITRUS LIQUIDO 500G.png,EN0461,92ec01ea-4a0a-4dc6-93c9-5e6881f016e1,dry-run,,,
/Volumes/Condivisa/FOTO ENERGICA 2025/EN0462 CONTROLLER OLIO DI ARANCIO+CITRUS LIQUIDO 1KG.png,EN0462,f178f298-19d5-412f-902a-10212b6906b8,dry-run,,,
/Volumes/Condivisa/FOTO ENERGICA 2025/EN0463 CONTROLLER OLIO DI ARANCIO+CITRUS SPRAY 500ML.png,EN0463,a1bc0f79-ae9e-42f4-a710-c0e9bbef317d,dry-run,,,
/Volumes/Condivisa/FOTO ENERGICA 2025/EN0464 CONTROLLER OLIO DI ARANCIO+CITRUS 750ML.png,EN0464,6bea7dfa-c8da-4be4-bd40-d7c5ce4237ea,dry-run,,,
/Volumes/Condivisa/FOTO ENERGICA 2025/EN0465 CONTROLLER OLIO DI ARANCIO+CITRUS OIL SPRAY 1LT.png,EN0465,c3c84515-cba9-481d-b40d-2b4652abff4a,dry-run,,,
/Volumes/Condivisa/FOTO ENERGICA 2025/EN0467 CORROBORANTE OLIO DI GIRASOLE 200G.png,EN0467,0d02ee44-ff0c-450b-96e5-adfe2314161e,dry-run,,,
/Volumes/Condivisa/FOTO ENERGICA 2025/EN0468 CORROBORANTE OLIO DI GIRASOLE 500G.png,EN0468,62a0a7c7-140b-4d66-8679-08d3a0494002,dry-run,,,
/Volumes/Condivisa/FOTO ENERGICA 2025/EN0469 CORROBORANTE OLIO DI GIRASOLE 1KG.png,EN0469,31f37432-dfa5-4127-976f-94d0f0fa52fc,dry-run,,,
/Volumes/Condivisa/FOTO ENERGICA 2025/EN0470 CORROBORANTE OLIO DI GIRASOLE SPRAY 500ML.png,EN0470,0a69288c-5e91-4ae5-8f5b-66e2130955f0,dry-run,,,
/Volumes/Condivisa/FOTO ENERGICA 2025/EN0471 CORROBORANTE OLIO DI GIRASOLE SPRAY 750ML.png,EN0471,fd3ca6cd-866e-4c9d-b5a3-c1af2fc71c11,dry-run,,,
/Volumes/Condivisa/FOTO ENERGICA 2025/EN0472 CORROBORANTE OLIO DI GIRASOLE SPRAY 1LT.png,EN0472,b6c71e12-72c7-4b14-859e-112443ff6911,dry-run,,,
/Volumes/Condivisa/FOTO ENERGICA 2025/EN0474 CORROBORANTE OLIO DI SOIA GREZZO 200G.png,EN0474,932f36fc-d24b-419e-8483-acfc70d0cea3,dry-run,,,
/Volumes/Condivisa/FOTO ENERGICA 2025/EN0475 CORROBORANTE OLIO DI SOIA GREZZO 500G.png,EN0475,a609bd14-ce99-462f-b127-c5b712408bcd,dry-run,,,
/Volumes/Condivisa/FOTO ENERGICA 2025/EN0476 CORROBORANTE OLIO DI SOIA GREZZO 1KG.png,EN0476,0a5c8772-ea3e-4226-9d80-a1842d85d094,dry-run,,,
/Volumes/Condivisa/FOTO ENERGICA 2025/EN0477 CORROBORANTE OLIO DI SOIA GREZZO SPRAY 500ML.png,EN0477,ac35fa13-065f-4c74-813b-6e55e9a202bb,dry-run,,,
/Volumes/Condivisa/FOTO ENERGICA 2025/EN0478 CORROBORANTE OLIO DI SOIA GREZZO SPRAY 750ML.png,EN0478,14116d1a-c581-4f9a-985f-3c7120d4fed4,dry-run,,,
/Volumes/Condivisa/FOTO ENERGICA 2025/EN0479 CORROBORANTE OLIO DI SOIA GREZZO SPRAY 1LT.png,EN0479,fe244c39-81aa-445a-a38c-60812535e753,dry-run,,,
/Volumes/Condivisa/FOTO ENERGICA 2025/EN0481 BOLLA STOP EQUI+CHIT 200G.png,EN0481,6b3e6d2c-8e74-45f2-8984-198321d91ac4,dry-run,,,
/Volumes/Condivisa/FOTO ENERGICA 2025/EN0482 BOLLA STOP EQUI+CHIT 500G.png,EN0482,9cadcdb6-ebcc-44ea-a39a-2aae7e996639,dry-run,,,
/Volumes/Condivisa/FOTO ENERGICA 2025/EN0483 BOLLA STOP EQUI+CHITO 1KG.png,EN0483,0a28068a-2be1-4ce8-8f6b-98ac04fa6ae8,dry-run,,,
/Volumes/Condivisa/FOTO ENERGICA 2025/EN0484 BOLLA STOP EQUISETO+CHITOSANO SPRAY 500ML.png,EN0484,34aae3be-a67d-44da-99c0-9e96934ccb08,dry-run,,,
/Volumes/Condivisa/FOTO ENERGICA 2025/EN0485 BOLLA STOP EQUISETO SPRAY 750ML.png,EN0485,1e76e479-133f-41dc-8d05-431c6ba49ff6,dry-run,,,
/Volumes/Condivisa/FOTO ENERGICA 2025/EN0485 BOLLA STOP EQUISETO+CHITOSANO SPRAY 750ML.png,EN0485,1e76e479-133f-41dc-8d05-431c6ba49ff6,dry-run,,,
/Volumes/Condivisa/FOTO ENERGICA 2025/EN0486 BOLLA STOP EQUISETO+CHITOSANO SPRAY 1LT.png,EN0486,e62a0785-0364-4048-9f91-ef367e5497c6,dry-run,,,
/Volumes/Condivisa/FOTO ENERGICA 2025/EN0488 BOLLA STOP LECITINA 200G.png,EN0488,52061699-dadd-4f80-bd08-373241e98371,dry-run,,,
/Volumes/Condivisa/FOTO ENERGICA 2025/EN0489 BOLLA STOP LECITINA 500G.png,EN0489,15e17632-589c-4397-aac9-b4e101953488,dry-run,,,
/Volumes/Condivisa/FOTO ENERGICA 2025/EN0490 BOLLA STOP LECITINA 1KG.png,EN0490,703b5f9f-9a42-42e0-9db3-d0b4b2060d13,dry-run,,,
/Volumes/Condivisa/FOTO ENERGICA 2025/EN0491 BOLLA STOP LECITINA DI SOIA SPRAY 500ML.png,EN0491,9d18b811-56e3-44bc-96d2-44db41d6312a,dry-run,,,
/Volumes/Condivisa/FOTO ENERGICA 2025/EN0491 LECITINA DI SOIA SPRAY 500ML.png,EN0491,9d18b811-56e3-44bc-96d2-44db41d6312a,dry-run,,,
/Volumes/Condivisa/FOTO ENERGICA 2025/EN0492 BOLLA STOP LECITINA DI SOIA SPRAY 750ML.png,EN0492,774b9eea-2ab1-45ae-b7ed-f736c2297dc1,dry-run,,,
/Volumes/Condivisa/FOTO ENERGICA 2025/EN0493 BOLLA STOP LECITINA SPRAY 1LT.png,EN0493,61d4c825-17aa-4cc0-afa9-ea150b1e4b5c,dry-run,,,
/Volumes/Condivisa/FOTO ENERGICA 2025/EN0493 LECITINA DI SOIA SPRAY 1LT.png,EN0493,61d4c825-17aa-4cc0-afa9-ea150b1e4b5c,dry-run,,,
/Volumes/Condivisa/FOTO ENERGICA 2025/EN0500 ZANZARE EUCALIPTO GIUSTA DOSE 250ml.png,EN0500,083f04d6-a948-48d3-b9c4-81b4743d207b,dry-run,,,
/Volumes/Condivisa/FOTO ENERGICA 2025/EN0502 ZANZARE CITRONELLA E GERANIO GIUSTA DOSE 250ml.png,EN0502,858d4b99-6136-4c48-920c-cfdebdd7d975,dry-run,,,
/Volumes/Condivisa/FOTO ENERGICA 2025/EN0504 IGIENIZZANTE CASSONETTI GIUSTA DOSE 250ML.png,EN0504,f139f005-8be5-4f26-810e-f23c601c3eb9,dry-run,,,
/Volumes/Condivisa/FOTO ENERGICA 2025/EN0506 DEODORANTE CUCCE GIUSTA DOSE 250ML.png,EN0506,5309b626-7eef-47c6-82c1-d79e67352ec5,dry-run,,,
/Volumes/Condivisa/FOTO ENERGICA 2025/EN0561 TAVOLETTA TOPI CLASSICO.png,EN0561,6fb84ea5-9e3a-4860-bcfc-7d35deb18b05,dry-run,,,
/Volumes/Condivisa/FOTO ENERGICA 2025/EN0562 TAVOLETTA TOPI FORMAGGIO.png,EN0562,74c0e02b-e01f-4c92-be7d-3491f2323db8,dry-run,,,
/Volumes/Condivisa/FOTO ENERGICA 2025/EN0563 TAVOLETTA TOPI CACAO.png,EN0563,1afefcdc-bdea-4f26-85b6-9e4cd8cbfea4,dry-run,,,
/Volumes/Condivisa/FOTO ENERGICA 2025/EN0564 TAVOLETTA TOPI VANIGLIA.png,EN0564,ebb565c1-cdca-45c7-abf5-03782b98907a,dry-run,,,
/Volumes/Condivisa/FOTO ENERGICA 2025/FERCYP INSETTICIDA 100ML.png,FERCYP,,unmatched,,,no product with this code
/Volumes/Condivisa/FOTO ENERGICA 2025/FERCYP INSETTICIDA 1LT.png,FERCYP,,unmatched,,,no product with this code
/Volumes/Condivisa/FOTO ENERGICA 2025/FERCYP INSETTICIDA 250ml.png,FERCYP,,unmatched,,,no product with this code
/Volumes/Condivisa/FOTO ENERGICA 2025/FORZA 3 SPRAY 750ML.png,FORZA,,unmatched,,,no product with this code
"/Volumes/Condivisa/FOTO ENERGICA 2025/GRAN ESCA 1,5KG.png",GRAN,,unmatched,,,no product with this code
/Volumes/Condivisa/FOTO ENERGICA 2025/GRAN ESCA 5 kg.png,GRAN,,unmatched,,,no product with this code
/Volumes/Condivisa/FOTO ENERGICA 2025/INSETTICIDA-FORMICHE-E-SCARAFAGGI-500ML.png,INSETTICIDA,,unmatched,,,no product with this code
/Volumes/Condivisa/FOTO ENERGICA 2025/INSETTICIDA-MOSCHE-E-ZANZARE-500ML.png,INSETTICIDA,,unmatched,,,no product with this code
/Volumes/Condivisa/FOTO ENERGICA 2025/INSETTICIDA-VESPE-E-CALABRONI-750ML.png,INSETTICIDA,,unmatched,,,no product with this code
/Volumes/Condivisa/FOTO ENERGICA 2025/LETTIERA BACTER SELECT 1LT.png,LETTIERA,,unmatched,,,no product with this code
/Volumes/Condivisa/FOTO ENERGICA 2025/VESPE E CALABRONI SPRAY 500ML.png,VESPE,,unmatched,,,no product with this code