file_path,product_id,product_code,product_name,status,photo_url,message
007d9e1a-ee90-4666-9ad0-a53b69184db1/,007d9e1a-ee90-4666-9ad0-a53b69184db1,,,skipped,,product not found
00eae529-b236-495d-bcf3-4759d0092c31/,00eae529-b236-495d-bcf3-4759d0092c31,,,skipped,,product not found
01798282-91b6-41f9-93d4-bb34ba831788/,01798282-91b6-41f9-93d4-bb34ba831788,,,skipped,,product not found
01c1be23-38bb-4d6c-b3d0-e10f99cb7d5e/,01c1be23-38bb-4d6c-b3d0-e10f99cb7d5e,,,skipped,,product not found
01d93336-ae41-428e-97f5-4e52dc1fc596/,01d93336-ae41-428e-97f5-4e52dc1fc596,,,skipped,,product not found
01f7c7e3-b94b-4566-8cdd-271ad55c7a0b/,01f7c7e3-b94b-4566-8cdd-271ad55c7a0b,,,skipped,,product not found
02436095-6beb-4a6f-bb24-e1bd4b70b71d/,02436095-6beb-4a6f-bb24-e1bd4b70b71d,,,skipped,,product not found
02612f14-073b-4ee4-b88b-4defb8f26172/,02612f14-073b-4ee4-b88b-4defb8f26172,,,skipped,,product not found
027b681e-dbcd-4a8a-8768-1c2c0d36b8d8/,027b681e-dbcd-4a8a-8768-1c2c0d36b8d8,,,skipped,,product not found
03023de5-74ac-490e-ab1e-d5dec1bd866e/,03023de5-74ac-490e-ab1e-d5dec1bd866e,,,skipped,,product not found
05680a98-6e3a-4fb5-bb00-24476549d092/,05680a98-6e3a-4fb5-bb00-24476549d092,,,skipped,,product not found
081a3577-1134-4725-bcb1-79e193ec9cac/,081a3577-1134-4725-bcb1-79e193ec9cac,,,skipped,,product not found
083f04d6-a948-48d3-b9c4-81b4743d207b/,083f04d6-a948-48d3-b9c4-81b4743d207b,,,skipped,,product not found
09fd26ce-fc31-40f8-89c0-d855bebed6d7/,09fd26ce-fc31-40f8-89c0-d855bebed6d7,,,skipped,,product not found
0a28068a-2be1-4ce8-8f6b-98ac04fa6ae8/,0a28068a-2be1-4ce8-8f6b-98ac04fa6ae8,,,skipped,,product not found
0a5c8772-ea3e-4226-9d80-a1842d85d094/,0a5c8772-ea3e-4226-9d80-a1842d85d094,,,skipped,,product not found
0a69288c-5e91-4ae5-8f5b-66e2130955f0/,0a69288c-5e91-4ae5-8f5b-66e2130955f0,,,skipped,,product not found
0a6f3582-5a2b-4aee-a07a-56793d145721/,0a6f3582-5a2b-4aee-a07a-56793d145721,,,skipped,,product not found
0a7ffd7e-aec4-47c5-a22c-ff684302b025/,0a7ffd7e-aec4-47c5-a22c-ff684302b025,,,skipped,,product not found
0ad7a2c7-8743-421e-b514-d64426592649/,0ad7a2c7-8743-421e-b514-d64426592649,,,skipped,,product not found
0b47c410-b23e-4611-8beb-67a72ec10f8e/,0b47c410-b23e-4611-8beb-67a72ec10f8e,,,skipped,,product not found
0b5759aa-3dd4-4582-96ef-22062a987765/,0b5759aa-3dd4-4582-96ef-22062a987765,,,skipped,,product not found
0b7a0525-526b-4567-875a-a4ff0acca4c4/,0b7a0525-526b-4567-875a-a4ff0acca4c4,,,skipped,,product not found
0bd7a26a-53d7-460c-9627-e4f9b48e7326/,0bd7a26a-53d7-460c-9627-e4f9b48e7326,,,skipped,,product not found
0d02199c-dafa-4cec-9a19-1145ef327f55/,0d02199c-dafa-4cec-9a19-1145ef327f55,,,skipped,,product not found
0d02ee44-ff0c-450b-96e5-adfe2314161e/,0d02ee44-ff0c-450b-96e5-adfe2314161e,,,skipped,,product not found
0d76f531-c308-47b0-a331-b966955b00b0/,0d76f531-c308-47b0-a331-b966955b00b0,,,skipped,,product not found
1107ab73-a52b-49b8-b60b-86b716640096/,1107ab73-a52b-49b8-b60b-86b716640096,,,skipped,,product not found
11e0e757-27a7-4d4b-9393-375557ec27dc/,11e0e757-27a7-4d4b-9393-375557ec27dc,,,skipped,,product not found
12049ad8-c172-46b4-927f-9f6c67f6c8b4/,12049ad8-c172-46b4-927f-9f6c67f6c8b4,,,skipped,,product not found
136011a1-5573-4175-93d7-e392b52160fe/,136011a1-5573-4175-93d7-e392b52160fe,,,skipped,,product not found
14116d1a-c581-4f9a-985f-3c7120d4fed4/,14116d1a-c581-4f9a-985f-3c7120d4fed4,,,skipped,,product not found
143fac4e-0368-40d8-84e5-3f201ae87afc/,143fac4e-0368-40d8-84e5-3f201ae87afc,,,skipped,,product not found
14764bdb-db3c-427b-9688-115d393ecc84/,14764bdb-db3c-427b-9688-115d393ecc84,,,skipped,,product not found
15b45014-eefe-41fa-9481-ca55760ef518/,15b45014-eefe-41fa-9481-ca55760ef518,,,skipped,,product not found
15e17632-589c-4397-aac9-b4e101953488/,15e17632-589c-4397-aac9-b4e101953488,,,skipped,,product not found
1732f9d4-35fb-4778-8a2a-7b24312fdc9d/,1732f9d4-35fb-4778-8a2a-7b24312fdc9d,,,skipped,,product not found
18026dd7-950b-4298-9d69-08f550efa1fe/,18026dd7-950b-4298-9d69-08f550efa1fe,,,skipped,,product not found
183bc374-82cc-4ec5-8fea-8c55d97bdcec/,183bc374-82cc-4ec5-8fea-8c55d97bdcec,,,skipped,,product not found
189efe12-a45a-424d-8393-58841759bc76/,189efe12-a45a-424d-8393-58841759bc76,,,skipped,,product not found
18e730e6-cba2-4d00-8779-d0bf5596fbff/,18e730e6-cba2-4d00-8779-d0bf5596fbff,,,skipped,,product not found
1902be79-096e-4b56-9af8-53f94b0dd207/,1902be79-096e-4b56-9af8-53f94b0dd207,,,skipped,,product not found
1950d951-ffd3-488e-9109-65ab6632aae0/,1950d951-ffd3-488e-9109-65ab6632aae0,,,skipped,,product not found
1a206055-21e3-436b-81f3-49261124183e/,1a206055-21e3-436b-81f3-49261124183e,,,skipped,,product not found
1abbb5bf-2124-4b2b-ab6d-1a5f49f0cd4e/,1abbb5bf-2124-4b2b-ab6d-1a5f49f0cd4e,,,skipped,,product not found
1afefcdc-bdea-4f26-85b6-9e4cd8cbfea4/,1afefcdc-bdea-4f26-85b6-9e4cd8cbfea4,,,skipped,,product not found
1b15bf7f-506f-42ec-839f-31e9293dcffd/,1b15bf7f-506f-42ec-839f-31e9293dcffd,,,skipped,,product not found
1b568fa5-a57b-4f0e-91f6-8604d7ca1731/,1b568fa5-a57b-4f0e-91f6-8604d7ca1731,,,skipped,,product not found
1bc7dd5d-7e98-4b29-a951-ab7cb14c4556/,1bc7dd5d-7e98-4b29-a951-ab7cb14c4556,,,skipped,,product not found
1bfee56e-d4df-404f-bf83-a86f8ea1783b/,1bfee56e-d4df-404f-bf83-a86f8ea1783b,,,skipped,,product not found
1d98fd07-97b3-4d91-b095-24aace987748/,1d98fd07-97b3-4d91-b095-24aace987748,,,skipped,,product not found
1dcb5061-8fbe-452b-a646-bd1017cbc761/,1dcb5061-8fbe-452b-a646-bd1017cbc761,,,skipped,,product not found
1dd3aabd-0113-463b-9041-49f7bc2f9262/,1dd3aabd-0113-463b-9041-49f7bc2f9262,,,skipped,,product not found
1e76e479-133f-41dc-8d05-431c6ba49ff6/,1e76e479-133f-41dc-8d05-431c6ba49ff6,,,skipped,,product not found
1ebc9bac-e868-4f36-9668-af7269295fcb/,1ebc9bac-e868-4f36-9668-af7269295fcb,,,skipped,,product not found
1f490fc6-72be-4789-8bb4-84746aca0fc1/,1f490fc6-72be-4789-8bb4-84746aca0fc1,,,skipped,,product not found
1fd2e48e-6174-425a-8873-d947763f374c/,1fd2e48e-6174-425a-8873-d947763f374c,,,skipped,,product not found
20196af8-0a13-45a1-b492-c25fcba5f8e3/,20196af8-0a13-45a1-b492-c25fcba5f8e3,,,skipped,,product not found
202289d3-ec15-48d0-84a6-b974df84759a/,202289d3-ec15-48d0-84a6-b974df84759a,,,skipped,,product not found
20297caf-3da2-4f73-bd62-999a39b1a5c4/,20297caf-3da2-4f73-bd62-999a39b1a5c4,,,skipped,,product not found
202f2149-27d3-4e89-8f3d-28698566a6ee/,202f2149-27d3-4e89-8f3d-28698566a6ee,,,skipped,,product not found
2040f9e3-1782-47cb-9642-c5554aaff28d/,2040f9e3-1782-47cb-9642-c5554aaff28d,,,skipped,,product not found
2293dcd5-6499-4896-ad59-6f280ee99ce1/,2293dcd5-6499-4896-ad59-6f280ee99ce1,,,skipped,,product not found
22fddb1a-ea78-43d5-983d-b40b726080f2/,22fddb1a-ea78-43d5-983d-b40b726080f2,,,skipped,,product not found
2353e3ed-68c8-4698-94d9-4b033d548867/,2353e3ed-68c8-4698-94d9-4b033d548867,,,skipped,,product not found
23c89b6b-f063-42ef-8a31-7e40e1529a0f/,23c89b6b-f063-42ef-8a31-7e40e1529a0f,,,skipped,,product not found
24481ee1-a87a-4976-8477-d959c2d49e1a/,24481ee1-a87a-4976-8477-d959c2d49e1a,,,skipped,,product not found
24c4b978-e43b-4022-913f-12e1e6ae3293/,24c4b978-e43b-4022-913f-12e1e6ae3293,,,skipped,,product not found
2602c556-da92-4b61-9a81-6716615b689a/,2602c556-da92-4b61-9a81-6716615b689a,,,skipped,,product not found
264951ab-fb94-4812-a18a-6232b5bf2cd1/,264951ab-fb94-4812-a18a-6232b5bf2cd1,,,skipped,,product not found
26addc37-a127-4d6f-8151-46b64e379c66/,26addc37-a127-4d6f-8151-46b64e379c66,,,skipped,,product not found
27e643d8-b9ab-44bc-8c57-9625ae617b4e/,27e643d8-b9ab-44bc-8c57-9625ae617b4e,,,skipped,,product not found
286b1ccf-8013-4fda-825e-17dd843db459/,286b1ccf-8013-4fda-825e-17dd843db459,,,skipped,,product not found
28f9149e-b1ea-49eb-b747-5c3cd64af92a/,28f9149e-b1ea-49eb-b747-5c3cd64af92a,,,skipped,,product not found
296373ab-f749-4094-86c2-c190eaebb881/,296373ab-f749-4094-86c2-c190eaebb881,,,skipped,,product not found
2c357d3a-f4c9-42c2-904b-85e5e00ca089/,2c357d3a-f4c9-42c2-904b-85e5e00ca089,,,skipped,,product not found
2c4c6248-e0a1-49b5-9d15-5f12386626a7/,2c4c6248-e0a1-49b5-9d15-5f12386626a7,,,skipped,,product not found
2dba1a54-c112-4c7e-ae89-130d96be13e8/,2dba1a54-c112-4c7e-ae89-130d96be13e8,,,skipped,,product not found
2f15a821-e52d-4b47-9eea-ac445eba7b8f/,2f15a821-e52d-4b47-9eea-ac445eba7b8f,,,skipped,,product not found
2fa5396f-a1f3-4df4-98f9-fb1db97a9781/,2fa5396f-a1f3-4df4-98f9-fb1db97a9781,,,skipped,,product not found
3056aa72-ed91-4836-a6b3-a791268dc48f/,3056aa72-ed91-4836-a6b3-a791268dc48f,,,skipped,,product not found
30d31d7c-46fd-4947-b697-c04c83faba24/,30d31d7c-46fd-4947-b697-c04c83faba24,,,skipped,,product not found
30e60a47-f870-4ca8-a9e4-02de13001d5b/,30e60a47-f870-4ca8-a9e4-02de13001d5b,,,skipped,,product not found
31f37432-dfa5-4127-976f-94d0f0fa52fc/,31f37432-dfa5-4127-976f-94d0f0fa52fc,,,skipped,,product not found
3240e005-92db-4de7-a1cb-5105eca21758/,3240e005-92db-4de7-a1cb-5105eca21758,,,skipped,,product not found
34aae3be-a67d-44da-99c0-9e96934ccb08/,34aae3be-a67d-44da-99c0-9e96934ccb08,,,skipped,,product not found
34bdb94e-2d08-4946-80f8-716b41107a3e/,34bdb94e-2d08-4946-80f8-716b41107a3e,,,skipped,,product not found
35077d52-3e7c-4486-917e-82290895be05/,35077d52-3e7c-4486-917e-82290895be05,,,skipped,,product not found
36c710c5-d908-4b81-9603-137914712afe/,36c710c5-d908-4b81-9603-137914712afe,,,skipped,,product not found
36d5947c-9688-4c5a-a28e-be03a4ac2bb6/,36d5947c-9688-4c5a-a28e-be03a4ac2bb6,,,skipped,,product not found
382bde59-37fc-4d53-8d9a-3d1cc796b01b/,382bde59-37fc-4d53-8d9a-3d1cc796b01b,,,skipped,,product not found
385bcb34-a79b-4df4-845b-7481402315ba/,385bcb34-a79b-4df4-845b-7481402315ba,,,skipped,,product not found
397b7e86-f86e-4927-b90a-d4806a26d85f/,397b7e86-f86e-4927-b90a-d4806a26d85f,,,skipped,,product not found
3a694aa3-ec83-4ee9-ac56-bda5a8c0c40d/,3a694aa3-ec83-4ee9-ac56-bda5a8c0c40d,,,skipped,,product not found
3ad44460-ccef-4e0b-8923-f5760fb5c703/,3ad44460-ccef-4e0b-8923-f5760fb5c703,,,skipped,,product not found
3d415fb8-aa9e-4753-8933-e520c6a28ea1/,3d415fb8-aa9e-4753-8933-e520c6a28ea1,,,skipped,,product not found
3dd22a82-690d-4ea6-9aa1-238a330c9be7/,3dd22a82-690d-4ea6-9aa1-238a330c9be7,,,skipped,,product not found
3df7806f-22ce-42e7-aa4b-7d3c2d731aa6/,3df7806f-22ce-42e7-aa4b-7d3c2d731aa6,,,skipped,,product not found
3e64b654-abfd-464e-a9d3-87295b56e7d8/,3e64b654-abfd-464e-a9d3-87295b56e7d8,,,skipped,,product not found
3f8bde9f-7c79-4ad5-b6cc-9ebe399b3b3d/,3f8bde9f-7c79-4ad5-b6cc-9ebe399b3b3d,,,skipped,,product not found
3fb41766-9386-4816-8118-4ce8cef6f9e4/,3fb41766-9386-4816-8118-4ce8cef6f9e4,,,skipped,,product not found
3fc80d85-8da5-452a-860f-81ed5e2feb6f/,3fc80d85-8da5-452a-860f-81ed5e2feb6f,,,skipped,,product not found
40348440-c7cb-492e-b7d4-64d5b730f917/,40348440-c7cb-492e-b7d4-64d5b730f917,,,skipped,,product not found
4040bd81-7ed4-4042-8545-78c8985b0a68/,4040bd81-7ed4-4042-8545-78c8985b0a68,,,skipped,,product not found
407ee1b7-b26e-427f-b111-890dd3ee67ed/,407ee1b7-b26e-427f-b111-890dd3ee67ed,,,skipped,,product not found
41b8c682-f6dc-4631-b58a-041798e60155/,41b8c682-f6dc-4631-b58a-041798e60155,,,skipped,,product not found
4273ea31-a5ea-4154-bcb9-4a1455ce52a4/,4273ea31-a5ea-4154-bcb9-4a1455ce52a4,,,skipped,,product not found
4392e354-f479-4d20-8a3e-03365004c64c/,4392e354-f479-4d20-8a3e-03365004c64c,,,skipped,,product not found
4532e62b-d7d7-486e-894e-9aaf88816c9b/,4532e62b-d7d7-486e-894e-9aaf88816c9b,,,skipped,,product not found
458a53b0-c7ea-42d0-ae2f-ef6692788849/,458a53b0-c7ea-42d0-ae2f-ef6692788849,,,skipped,,product not found
45c9fae4-dffd-42f2-8d69-b4a9cb5171ff/,45c9fae4-dffd-42f2-8d69-b4a9cb5171ff,,,skipped,,product not found
45ce6e59-e788-4d9b-9625-9f425ea065bf/,45ce6e59-e788-4d9b-9625-9f425ea065bf,,,skipped,,product not found
46319999-2881-4e62-a48e-7a919138d749/,46319999-2881-4e62-a48e-7a919138d749,,,skipped,,product not found
4658814f-e2bf-41da-be38-cf27291faef9/,4658814f-e2bf-41da-be38-cf27291faef9,,,skipped,,product not found
4668b95f-04b7-4a09-b19d-7304828c8d26/,4668b95f-04b7-4a09-b19d-7304828c8d26,,,skipped,,product not found
46e997a6-ca28-40a9-a159-3e58fe6c4289/,46e997a6-ca28-40a9-a159-3e58fe6c4289,,,skipped,,product not found
47374c9b-729d-4ac8-a78c-1b7f2d4e3cc6/,47374c9b-729d-4ac8-a78c-1b7f2d4e3cc6,,,skipped,,product not found
494b5035-971d-4b7b-a6e7-07327cbed261/,494b5035-971d-4b7b-a6e7-07327cbed261,,,skipped,,product not found
4963f922-a839-45c5-9f09-ff13d7b8930d/,4963f922-a839-45c5-9f09-ff13d7b8930d,,,skipped,,product not found
498ee730-ae03-4a9b-a497-7971a68d2bb1/,498ee730-ae03-4a9b-a497-7971a68d2bb1,,,skipped,,product not found
4abc9466-ca1f-41a9-9132-d082a539fe70/,4abc9466-ca1f-41a9-9132-d082a539fe70,,,skipped,,product not found
4ac6ba03-923a-46c2-a0e5-7a500093438a/,4ac6ba03-923a-46c2-a0e5-7a500093438a,,,skipped,,product not found
4ae451dc-1b56-4470-9fef-4824e43868a8/,4ae451dc-1b56-4470-9fef-4824e43868a8,,,skipped,,product not found
4af799df-a3ac-442b-9fd1-a61d2ff6de87/,4af799df-a3ac-442b-9fd1-a61d2ff6de87,,,skipped,,product not found
4afa6a71-ce96-42eb-b2e9-c47d4328cdbe/,4afa6a71-ce96-42eb-b2e9-c47d4328cdbe,,,skipped,,product not found
4b4ba6ab-d677-43f4-bd40-2bb17654f6d1/,4b4ba6ab-d677-43f4-bd40-2bb17654f6d1,,,skipped,,product not found
4b5ce6b5-8548-4f92-adfa-f64b93ac1a6f/,4b5ce6b5-8548-4f92-adfa-f64b93ac1a6f,,,skipped,,product not found
4d333e67-a724-4125-b7e8-2229f11b4dd0/,4d333e67-a724-4125-b7e8-2229f11b4dd0,,,skipped,,product not found
4f0e429f-be46-434b-b8a6-6bbfb67cef35/,4f0e429f-be46-434b-b8a6-6bbfb67cef35,,,skipped,,product not found
4faa2394-2a75-40b8-bf82-3e46e4abc405/,4faa2394-2a75-40b8-bf82-3e46e4abc405,,,skipped,,product not found
50b370dd-7d2f-4a89-bcfa-af6f225d02b9/,50b370dd-7d2f-4a89-bcfa-af6f225d02b9,,,skipped,,product not found
511e7708-4613-4d94-ac21-de661f6cbb54/,511e7708-4613-4d94-ac21-de661f6cbb54,,,skipped,,product not found
52061699-dadd-4f80-bd08-373241e98371/,52061699-dadd-4f80-bd08-373241e98371,,,skipped,,product not found
523ebba7-3a70-4d5b-bf8f-e9a9da582abd/,523ebba7-3a70-4d5b-bf8f-e9a9da582abd,,,skipped,,product not found
5309b626-7eef-47c6-82c1-d79e67352ec5/,5309b626-7eef-47c6-82c1-d79e67352ec5,,,skipped,,product not found
5314b657-a554-40e3-b1dd-b09aecfa4ab0/,5314b657-a554-40e3-b1dd-b09aecfa4ab0,,,skipped,,product not found
535941e7-c1fb-4ba0-a271-8e01aca4d409/,535941e7-c1fb-4ba0-a271-8e01aca4d409,,,skipped,,product not found
53793894-4347-47e7-ada6-0d8ef8216a9e/,53793894-4347-47e7-ada6-0d8ef8216a9e,,,skipped,,product not found
5544db0a-474e-4a35-b808-1c7e3ec76148/,5544db0a-474e-4a35-b808-1c7e3ec76148,,,skipped,,product not found
55593cff-e414-40df-a3ff-3c6bc04d6d7c/,55593cff-e414-40df-a3ff-3c6bc04d6d7c,,,skipped,,product not found
556864f2-631d-456a-b4ed-c5b15dbb7ac4/,556864f2-631d-456a-b4ed-c5b15dbb7ac4,,,skipped,,product not found
558d3697-5f2a-45ef-ad8a-9f4a9b2a4761/,558d3697-5f2a-45ef-ad8a-9f4a9b2a4761,,,skipped,,product not found
55a84ddf-18e9-4598-95c3-ebd896c9f351/,55a84ddf-18e9-4598-95c3-ebd896c9f351,,,skipped,,product not found
55eb31d0-931f-433a-8cf4-22e3ad77d1ad/,55eb31d0-931f-433a-8cf4-22e3ad77d1ad,,,skipped,,product not found
57d659b8-9b71-40a8-bd97-41c50feccd50/,57d659b8-9b71-40a8-bd97-41c50feccd50,,,skipped,,product not found
5876ff0f-4106-4f6a-ad14-e75cba398a80/,5876ff0f-4106-4f6a-ad14-e75cba398a80,,,skipped,,product not found
588eea23-16be-4c28-9b2f-b9e3b456a61c/,588eea23-16be-4c28-9b2f-b9e3b456a61c,,,skipped,,product not found
5a131031-07cc-4297-a094-83c294fe6b2c/,5a131031-07cc-4297-a094-83c294fe6b2c,,,skipped,,product not found
5b0a85a7-9e0a-493b-9070-1b01e2a8d725/,5b0a85a7-9e0a-493b-9070-1b01e2a8d725,,,skipped,,product not found
5bb5b43b-f214-4ff1-b0a2-1141a7e2fbe2/,5bb5b43b-f214-4ff1-b0a2-1141a7e2fbe2,,,skipped,,product not found
5bf7331b-b3c2-4a59-b74c-b91027c10f3e/,5bf7331b-b3c2-4a59-b74c-b91027c10f3e,,,skipped,,product not found
5bffc39f-f4a7-4824-8c87-7b3312bb5c2f/,5bffc39f-f4a7-4824-8c87-7b3312bb5c2f,,,skipped,,product not found
5c130ff1-bb3d-4681-aa2d-d06d3956218b/,5c130ff1-bb3d-4681-aa2d-d06d3956218b,,,skipped,,product not found
5d06dc76-215a-4ead-b7c3-1d09e2c1a626/,5d06dc76-215a-4ead-b7c3-1d09e2c1a626,,,skipped,,product not found
5d1fecc9-ce62-4b40-accc-8998730b7691/,5d1fecc9-ce62-4b40-accc-8998730b7691,,,skipped,,product not found
5da190d3-487b-45b8-ae3e-784e2f541f97/,5da190d3-487b-45b8-ae3e-784e2f541f97,,,skipped,,product not found
5df24c66-a554-4e2a-9735-1bb47a5097d0/,5df24c66-a554-4e2a-9735-1bb47a5097d0,,,skipped,,product not found
5dfc101b-3a85-4024-ac82-ed53f905aa1a/,5dfc101b-3a85-4024-ac82-ed53f905aa1a,,,skipped,,product not found
5ea5fa77-41c0-4741-94a1-9c4620b574b4/,5ea5fa77-41c0-4741-94a1-9c4620b574b4,,,skipped,,product not found
5f5b0257-6b16-44d6-9d08-670a03590b36/,5f5b0257-6b16-44d6-9d08-670a03590b36,,,skipped,,product not found
6002e573-d73e-4bac-b3da-6521b0de841c/,6002e573-d73e-4bac-b3da-6521b0de841c,,,skipped,,product not found
6091477b-f219-49e0-94c6-77684ba8d458/,6091477b-f219-49e0-94c6-77684ba8d458,,,skipped,,product not found
6123d305-f416-4ca7-a9a1-50bd408935a5/,6123d305-f416-4ca7-a9a1-50bd408935a5,,,skipped,,product not found
61d4c825-17aa-4cc0-afa9-ea150b1e4b5c/,61d4c825-17aa-4cc0-afa9-ea150b1e4b5c,,,skipped,,product not found
61ecc21e-0147-4e68-b4bb-fe132cfae6c7/,61ecc21e-0147-4e68-b4bb-fe132cfae6c7,,,skipped,,product not found
624d917f-0f2c-4c8e-b56d-4d3258149a24/,624d917f-0f2c-4c8e-b56d-4d3258149a24,,,skipped,,product not found
62a0a7c7-140b-4d66-8679-08d3a0494002/,62a0a7c7-140b-4d66-8679-08d3a0494002,,,skipped,,product not found
646e31cb-cae7-4d9b-9a9d-e15fb91ec514/,646e31cb-cae7-4d9b-9a9d-e15fb91ec514,,,skipped,,product not found
671f6265-d075-4fe1-ae70-d81218dd6ede/,671f6265-d075-4fe1-ae70-d81218dd6ede,,,skipped,,product not found
67d84d20-8ec3-41b5-95be-7ceec515986c/,67d84d20-8ec3-41b5-95be-7ceec515986c,,,skipped,,product not found
686d353a-44d1-4cd3-8f63-a2c247f4f55d/,686d353a-44d1-4cd3-8f63-a2c247f4f55d,,,skipped,,product not found
68f5823a-79b7-4149-81ff-c875d531ff0f/,68f5823a-79b7-4149-81ff-c875d531ff0f,,,skipped,,product not found
697cee7c-6adb-425c-9ae5-58c1073f7ff6/,697cee7c-6adb-425c-9ae5-58c1073f7ff6,,,skipped,,product not found
69be6984-63a3-4427-896d-40292fcced45/,69be6984-63a3-4427-896d-40292fcced45,,,skipped,,product not found
69f6a0cb-8e5f-48e1-a862-b6a5c3149e3b/,69f6a0cb-8e5f-48e1-a862-b6a5c3149e3b,,,skipped,,product not found
6b3e6d2c-8e74-45f2-8984-198321d91ac4/,6b3e6d2c-8e74-45f2-8984-198321d91ac4,,,skipped,,product not found
6b5e8e23-6985-4bfd-9be9-63de3d17ce6b/,6b5e8e23-6985-4bfd-9be9-63de3d17ce6b,,,skipped,,product not found
6bea7dfa-c8da-4be4-bd40-d7c5ce4237ea/,6bea7dfa-c8da-4be4-bd40-d7c5ce4237ea,,,skipped,,product not found
6cc35618-d75b-4809-a43f-eabd4b096cbb/,6cc35618-d75b-4809-a43f-eabd4b096cbb,,,skipped,,product not found
6d244cac-7641-4b92-917c-bd062e49d0a3/,6d244cac-7641-4b92-917c-bd062e49d0a3,,,skipped,,product not found
6ddba44b-5701-475c-bf0a-8c4d588a192c/,6ddba44b-5701-475c-bf0a-8c4d588a192c,,,skipped,,product not found
6ef72cb8-b4ea-4a77-862f-2d18bf930323/,6ef72cb8-b4ea-4a77-862f-2d18bf930323,,,skipped,,product not found
6f81c9a7-af01-47bb-aba4-77d8f0c954b1/,6f81c9a7-af01-47bb-aba4-77d8f0c954b1,,,skipped,,product not found
6fb84ea5-9e3a-4860-bcfc-7d35deb18b05/,6fb84ea5-9e3a-4860-bcfc-7d35deb18b05,,,skipped,,product not found
701d0acb-59d7-4fa3-a2fb-7242cbae48c0/,701d0acb-59d7-4fa3-a2fb-7242cbae48c0,,,skipped,,product not found
703b5f9f-9a42-42e0-9db3-d0b4b2060d13/,703b5f9f-9a42-42e0-9db3-d0b4b2060d13,,,skipped,,product not found
7295e5dc-a356-4ef9-a58c-31c73c030c5b/,7295e5dc-a356-4ef9-a58c-31c73c030c5b,,,skipped,,product not found
729a3cec-4506-47d9-a9c2-8d14e7de5942/,729a3cec-4506-47d9-a9c2-8d14e7de5942,,,skipped,,product not found
730e0837-d09b-4652-8822-69f036da6ee7/,730e0837-d09b-4652-8822-69f036da6ee7,,,skipped,,product not found
73ce2c0d-3d07-4fcf-bef2-e2d58bae8940/,73ce2c0d-3d07-4fcf-bef2-e2d58bae8940,,,skipped,,product not found
73d47bbc-a033-423b-a187-776a5ebd5b9e/,73d47bbc-a033-423b-a187-776a5ebd5b9e,,,skipped,,product not found
74c0e02b-e01f-4c92-be7d-3491f2323db8/,74c0e02b-e01f-4c92-be7d-3491f2323db8,,,skipped,,product not found
757a3031-d197-44f4-89c6-7095effd43d7/,757a3031-d197-44f4-89c6-7095effd43d7,,,skipped,,product not found
75db2755-6d21-4d22-8f8d-0fcc752ba34f/,75db2755-6d21-4d22-8f8d-0fcc752ba34f,,,skipped,,product not found
76401568-ddaa-435c-8125-e9ace63fc5dd/,76401568-ddaa-435c-8125-e9ace63fc5dd,,,skipped,,product not found
76f1e4a8-dbb0-4cd6-9836-fdb9a73a5b54/,76f1e4a8-dbb0-4cd6-9836-fdb9a73a5b54,,,skipped,,product not found
7706dac2-68c5-421e-a696-2007d005698a/,7706dac2-68c5-421e-a696-2007d005698a,,,skipped,,product not found
7707422d-6edc-4b4f-8828-8846f1425262/,7707422d-6edc-4b4f-8828-8846f1425262,,,skipped,,product not found
774b9eea-2ab1-45ae-b7ed-f736c2297dc1/,774b9eea-2ab1-45ae-b7ed-f736c2297dc1,,,skipped,,product not found
77ad0ea0-af88-4d02-80ea-f536bceb567f/,77ad0ea0-af88-4d02-80ea-f536bceb567f,,,skipped,,product not found
78cb65d3-a30e-4100-809d-9e0052bb0d27/,78cb65d3-a30e-4100-809d-9e0052bb0d27,,,skipped,,product not found
78fa2e7e-579a-4ed3-a1a1-5e794f63116b/,78fa2e7e-579a-4ed3-a1a1-5e794f63116b,,,skipped,,product not found
79633261-9486-4c96-9760-5bad857b9e7e/,79633261-9486-4c96-9760-5bad857b9e7e,,,skipped,,product not found
7b12c1d5-7d5d-4f53-bbd0-33b274b6f9ed/,7b12c1d5-7d5d-4f53-bbd0-33b274b6f9ed,,,skipped,,product not found
7e24c027-4cd6-40ef-aaad-8a0f89448dcc/,7e24c027-4cd6-40ef-aaad-8a0f89448dcc,,,skipped,,product not found
7e8bc5aa-c2dd-4a82-9c4c-9ce988a07ea9/,7e8bc5aa-c2dd-4a82-9c4c-9ce988a07ea9,,,skipped,,product not found
7ee02b8f-b911-4f43-bce3-e037afa0a393/,7ee02b8f-b911-4f43-bce3-e037afa0a393,,,skipped,,product not found
7eeae322-169b-462e-b9ba-f8073cf3666f/,7eeae322-169b-462e-b9ba-f8073cf3666f,,,skipped,,product not found
7f414bcc-c5e4-477f-90cf-0a71cc4fc304/,7f414bcc-c5e4-477f-90cf-0a71cc4fc304,,,skipped,,product not found
7f7abead-b134-4c62-a52c-a8e14cdd7afc/,7f7abead-b134-4c62-a52c-a8e14cdd7afc,,,skipped,,product not found
7fb981e8-9b26-417d-b0a5-ce54abbae043/,7fb981e8-9b26-417d-b0a5-ce54abbae043,,,skipped,,product not found
80ca3612-f296-4f9e-a7a6-6392f89e7079/,80ca3612-f296-4f9e-a7a6-6392f89e7079,,,skipped,,product not found
80dfdc3e-ecf9-46ec-b1ad-e24bc1f8238f/,80dfdc3e-ecf9-46ec-b1ad-e24bc1f8238f,,,skipped,,product not found
81603031-636e-4c49-9227-24a433d36eba/,81603031-636e-4c49-9227-24a433d36eba,,,skipped,,product not found
8283a01a-0e03-4439-85e8-ba4fdaafadda/,8283a01a-0e03-4439-85e8-ba4fdaafadda,,,skipped,,product not found
82ec6aa1-e95b-4060-9c23-88c3f0f7ca73/,82ec6aa1-e95b-4060-9c23-88c3f0f7ca73,,,skipped,,product not found
833a1113-29c1-491b-8e6c-484a140a31e0/,833a1113-29c1-491b-8e6c-484a140a31e0,,,skipped,,product not found
8360a808-19a7-4a17-a42c-8cce449c089f/,8360a808-19a7-4a17-a42c-8cce449c089f,,,skipped,,product not found
83802ace-4467-4bec-bae1-a1632cc191cc/,83802ace-4467-4bec-bae1-a1632cc191cc,,,skipped,,product not found
83ddd78c-584e-4282-acde-31b6cd3d18ea/,83ddd78c-584e-4282-acde-31b6cd3d18ea,,,skipped,,product not found
855ff696-1582-4ce3-99f5-d3381a507381/,855ff696-1582-4ce3-99f5-d3381a507381,,,skipped,,product not found
858d4b99-6136-4c48-920c-cfdebdd7d975/,858d4b99-6136-4c48-920c-cfdebdd7d975,,,skipped,,product not found
85901802-02b6-4461-9ed0-ef7c3962f5a8/,85901802-02b6-4461-9ed0-ef7c3962f5a8,,,skipped,,product not found
85f58b48-cd76-435e-bdb0-7219cd00e705/,85f58b48-cd76-435e-bdb0-7219cd00e705,,,skipped,,product not found
86a9233e-e32c-4e96-b2a7-7e61dd673758/,86a9233e-e32c-4e96-b2a7-7e61dd673758,,,skipped,,product not found
86f677c8-4dfe-4387-99da-3fb5ac32f954/,86f677c8-4dfe-4387-99da-3fb5ac32f954,,,skipped,,product not found
874b176d-a6ce-474e-91e8-06fee83f2b28/,874b176d-a6ce-474e-91e8-06fee83f2b28,,,skipped,,product not found
88399f1b-5d7e-4d7f-8ec2-01fbf20c212d/,88399f1b-5d7e-4d7f-8ec2-01fbf20c212d,,,skipped,,product not found
895fd7e0-296f-4b23-982d-5fd7b7e049c0/,895fd7e0-296f-4b23-982d-5fd7b7e049c0,,,skipped,,product not found
89735d78-2d5b-49f4-8f93-6981aa30b005/,89735d78-2d5b-49f4-8f93-6981aa30b005,,,skipped,,product not found
89cf4ceb-b148-4744-b19d-eb2a4762bdc7/,89cf4ceb-b148-4744-b19d-eb2a4762bdc7,,,skipped,,product not found
8b29035a-49da-4a7a-8a97-ea0fa51a2504/,8b29035a-49da-4a7a-8a97-ea0fa51a2504,,,skipped,,product not found
8b81211c-7083-482e-b943-b256380f23a1/,8b81211c-7083-482e-b943-b256380f23a1,,,skipped,,product not found
8de0dc21-dd00-4281-b4ba-a10105833cbf/,8de0dc21-dd00-4281-b4ba-a10105833cbf,,,skipped,,product not found
8df0d27b-f642-45d0-9a42-bb6cb76a5257/,8df0d27b-f642-45d0-9a42-bb6cb76a5257,,,skipped,,product not found
8f2e9cb2-7c86-422f-bc20-3a594fa35acc/,8f2e9cb2-7c86-422f-bc20-3a594fa35acc,,,skipped,,product not found
8fde1cd2-092c-405b-9cc6-df47f8bfb2a5/,8fde1cd2-092c-405b-9cc6-df47f8bfb2a5,,,skipped,,product not found
9029e364-70fc-4c3d-a20c-65c51bf16b10/,9029e364-70fc-4c3d-a20c-65c51bf16b10,,,skipped,,product not found
9087fd83-211f-4e74-9755-b2f098527385/,9087fd83-211f-4e74-9755-b2f098527385,,,skipped,,product not found
916dee38-7d8c-49d7-a4be-03c9047a8e3d/,916dee38-7d8c-49d7-a4be-03c9047a8e3d,,,skipped,,product not found
92089a84-f710-4dc3-83f2-be08ef3cc655/,92089a84-f710-4dc3-83f2-be08ef3cc655,,,skipped,,product not found
928f45be-8800-4af8-992d-e7f4028c5a90/,928f45be-8800-4af8-992d-e7f4028c5a90,,,skipped,,product not found
92ec01ea-4a0a-4dc6-93c9-5e6881f016e1/,92ec01ea-4a0a-4dc6-93c9-5e6881f016e1,,,skipped,,product not found
92f911d1-5b0c-4cb8-8bd3-808dc7f7cb4c/,92f911d1-5b0c-4cb8-8bd3-808dc7f7cb4c,,,skipped,,product not found
932f36fc-d24b-419e-8483-acfc70d0cea3/,932f36fc-d24b-419e-8483-acfc70d0cea3,,,skipped,,product not found
96401751-1699-4026-a775-1f0d576ed279/,96401751-1699-4026-a775-1f0d576ed279,,,skipped,,product not found
972aafd3-9be7-4337-9a82-3706d48b666e/,972aafd3-9be7-4337-9a82-3706d48b666e,,,skipped,,product not found
97b1f2cc-e508-40e5-8eea-64c6695c18c5/,97b1f2cc-e508-40e5-8eea-64c6695c18c5,,,skipped,,product not found
9896e5e9-37e1-4eea-8c9b-bfd0cca55fc9/,9896e5e9-37e1-4eea-8c9b-bfd0cca55fc9,,,skipped,,product not found
98a39605-3e57-46c5-830c-8bf170faceac/,98a39605-3e57-46c5-830c-8bf170faceac,,,skipped,,product not found
98cd21d6-7854-42f7-9040-139abd4b50b4/,98cd21d6-7854-42f7-9040-139abd4b50b4,,,skipped,,product not found
98daf89a-c795-4c5f-8916-c6be89b652cc/,98daf89a-c795-4c5f-8916-c6be89b652cc,,,skipped,,product not found
995469ec-673f-44f8-a9b5-1f274c021a50/,995469ec-673f-44f8-a9b5-1f274c021a50,,,skipped,,product not found
9cadcdb6-ebcc-44ea-a39a-2aae7e996639/,9cadcdb6-ebcc-44ea-a39a-2aae7e996639,,,skipped,,product not found
9d18b811-56e3-44bc-96d2-44db41d6312a/,9d18b811-56e3-44bc-96d2-44db41d6312a,,,skipped,,product not found
9d309786-f261-40fb-aa08-2ceab90a1702/,9d309786-f261-40fb-aa08-2ceab90a1702,,,skipped,,product not found
9d876837-a7ff-402c-b547-1113952b66c2/,9d876837-a7ff-402c-b547-1113952b66c2,,,skipped,,product not found
9db80e01-e62f-4b61-9160-54cc4a61890f/,9db80e01-e62f-4b61-9160-54cc4a61890f,,,skipped,,product not found
9dffc09a-db5e-4f06-a686-e46af3b0ac62/,9dffc09a-db5e-4f06-a686-e46af3b0ac62,,,skipped,,product not found
9e00186a-fe86-438f-9f94-2a83b94c70c2/,9e00186a-fe86-438f-9f94-2a83b94c70c2,,,skipped,,product not found
9f24fce3-dbcc-46b6-a2c5-eae947f47ac8/,9f24fce3-dbcc-46b6-a2c5-eae947f47ac8,,,skipped,,product not found
a0ca3dd7-33bd-459b-bf9e-72cb56a27aa6/,a0ca3dd7-33bd-459b-bf9e-72cb56a27aa6,,,skipped,,product not found
a0d18e20-991e-4ee9-ac68-6557b994eca6/,a0d18e20-991e-4ee9-ac68-6557b994eca6,,,skipped,,product not found
a104b9cf-c9cb-44b9-a63c-925f499bc818/,a104b9cf-c9cb-44b9-a63c-925f499bc818,,,skipped,,product not found
a1bc0f79-ae9e-42f4-a710-c0e9bbef317d/,a1bc0f79-ae9e-42f4-a710-c0e9bbef317d,,,skipped,,product not found
a22fb92e-5dc3-4a2e-b000-b0dc21fd711b/,a22fb92e-5dc3-4a2e-b000-b0dc21fd711b,,,skipped,,product not found
a26b3692-cfaa-4a12-a862-e7f75c0ab2ae/,a26b3692-cfaa-4a12-a862-e7f75c0ab2ae,,,skipped,,product not found
a42fb6ec-fff9-4ab2-bad1-f4868144660a/,a42fb6ec-fff9-4ab2-bad1-f4868144660a,,,skipped,,product not found
a52e3a8e-48ff-4293-a344-fe83efb8f6cd/,a52e3a8e-48ff-4293-a344-fe83efb8f6cd,,,skipped,,product not found
a6044410-346a-4766-aa60-dcece99d1ade/,a6044410-346a-4766-aa60-dcece99d1ade,,,skipped,,product not found
a609bd14-ce99-462f-b127-c5b712408bcd/,a609bd14-ce99-462f-b127-c5b712408bcd,,,skipped,,product not found
a654c94b-a735-405d-be63-c7e201c04acd/,a654c94b-a735-405d-be63-c7e201c04acd,,,skipped,,product not found
a7b45d90-19c5-47e8-84f3-28643b754534/,a7b45d90-19c5-47e8-84f3-28643b754534,,,skipped,,product not found
a7f10e66-a052-49e7-8bab-af8e34b9c0de/,a7f10e66-a052-49e7-8bab-af8e34b9c0de,,,skipped,,product not found
aa2c5f3f-4bf5-485f-ad23-430dee98e03d/,aa2c5f3f-4bf5-485f-ad23-430dee98e03d,,,skipped,,product not found
aa383451-0df7-4670-83fc-30974db5c14b/,aa383451-0df7-4670-83fc-30974db5c14b,,,skipped,,product not found
ac35fa13-065f-4c74-813b-6e55e9a202bb/,ac35fa13-065f-4c74-813b-6e55e9a202bb,,,skipped,,product not found
ad309685-f051-4d8d-97b5-4dce0fbc6eb3/,ad309685-f051-4d8d-97b5-4dce0fbc6eb3,,,skipped,,product not found
ad8f8151-2152-47c7-a39d-e06fb4dc2c20/,ad8f8151-2152-47c7-a39d-e06fb4dc2c20,,,skipped,,product not found
adc5b42f-2fd0-42bf-a9ae-18553f02c979/,adc5b42f-2fd0-42bf-a9ae-18553f02c979,,,skipped,,product not found
ae4f1164-6502-4167-8d1b-0393ed912b8b/,ae4f1164-6502-4167-8d1b-0393ed912b8b,,,skipped,,product not found
aec76521-3e20-40b4-9aed-f48c7977f739/,aec76521-3e20-40b4-9aed-f48c7977f739,,,skipped,,product not found
b284c624-7669-42c1-b959-8cafd77df4a7/,b284c624-7669-42c1-b959-8cafd77df4a7,,,skipped,,product not found
b2ad9771-eb4d-4e58-9464-885e48b09103/,b2ad9771-eb4d-4e58-9464-885e48b09103,,,skipped,,product not found
b32f4bde-3c9a-4ddb-b314-60bfa46a45fa/,b32f4bde-3c9a-4ddb-b314-60bfa46a45fa,,,skipped,,product not found
b353f782-9a80-4f68-83c7-baf4b583b9ce/,b353f782-9a80-4f68-83c7-baf4b583b9ce,,,skipped,,product not found
b39d7b3e-da34-48df-88d1-a72d8aee696e/,b39d7b3e-da34-48df-88d1-a72d8aee696e,,,skipped,,product not found
b43c519b-701b-44a0-bf69-a40fe8bea546/,b43c519b-701b-44a0-bf69-a40fe8bea546,,,skipped,,product not found
b51ebf12-c7e7-4427-b3b8-f9840df9d5f9/,b51ebf12-c7e7-4427-b3b8-f9840df9d5f9,,,skipped,,product not found
b5271e28-f3c2-4073-bec9-887e77d97e21/,b5271e28-f3c2-4073-bec9-887e77d97e21,,,skipped,,product not found
b57ba764-4887-48e9-9b62-a3e63de2e0a8/,b57ba764-4887-48e9-9b62-a3e63de2e0a8,,,skipped,,product not found
b65b4270-804f-402e-9243-949ae3f511bc/,b65b4270-804f-402e-9243-949ae3f511bc,,,skipped,,product not found
b6c71e12-72c7-4b14-859e-112443ff6911/,b6c71e12-72c7-4b14-859e-112443ff6911,,,skipped,,product not found
b6e52618-4d04-4aa0-b350-d81508e35be0/,b6e52618-4d04-4aa0-b350-d81508e35be0,,,skipped,,product not found
b73423b6-a026-49ad-ba7e-c34a3ee8331f/,b73423b6-a026-49ad-ba7e-c34a3ee8331f,,,skipped,,product not found
b74fcc4b-111f-4b8d-87e4-75e008443669/,b74fcc4b-111f-4b8d-87e4-75e008443669,,,skipped,,product not found
b7e0acbf-511d-4f1a-b54f-df3b885c7064/,b7e0acbf-511d-4f1a-b54f-df3b885c7064,,,skipped,,product not found
b888dfa2-d655-4d6f-92fd-c2c95d2e7f05/,b888dfa2-d655-4d6f-92fd-c2c95d2e7f05,,,skipped,,product not found
b949e9a2-b318-4103-b99d-f751ed4ec0d2/,b949e9a2-b318-4103-b99d-f751ed4ec0d2,,,skipped,,product not found
b9839b86-8276-4c19-ba31-84f072fcf8a7/,b9839b86-8276-4c19-ba31-84f072fcf8a7,,,skipped,,product not found
b9beb825-7432-401c-aed1-071fbdf81e43/,b9beb825-7432-401c-aed1-071fbdf81e43,,,skipped,,product not found
ba659a2b-9f90-4c57-a313-a3a088ddf2cb/,ba659a2b-9f90-4c57-a313-a3a088ddf2cb,,,skipped,,product not found
bab561cd-1884-4728-8d39-2a8642f6c539/,bab561cd-1884-4728-8d39-2a8642f6c539,,,skipped,,product not found
bbb64259-99b4-4d65-9585-40aa62d3d843/,bbb64259-99b4-4d65-9585-40aa62d3d843,,,skipped,,product not found
bbd473a9-41de-4fe0-8936-91357138033c/,bbd473a9-41de-4fe0-8936-91357138033c,,,skipped,,product not found
bcac458b-ee35-492b-8b76-104976763d10/,bcac458b-ee35-492b-8b76-104976763d10,,,skipped,,product not found
bd850f63-c9bd-4a25-a5eb-ada113adfb7c/,bd850f63-c9bd-4a25-a5eb-ada113adfb7c,,,skipped,,product not found
be4db081-2830-4a4d-8c0f-29201732e6d3/,be4db081-2830-4a4d-8c0f-29201732e6d3,,,skipped,,product not found
bfd66ba5-7ed2-45c7-8bfa-fb608ce5bc60/,bfd66ba5-7ed2-45c7-8bfa-fb608ce5bc60,,,skipped,,product not found
c3bc07ac-a034-47a2-ab42-e074d36838b0/,c3bc07ac-a034-47a2-ab42-e074d36838b0,,,skipped,,product not found
c3c84515-cba9-481d-b40d-2b4652abff4a/,c3c84515-cba9-481d-b40d-2b4652abff4a,,,skipped,,product not found
c4302744-2a9f-4570-b76f-8c20eeb710bf/,c4302744-2a9f-4570-b76f-8c20eeb710bf,,,skipped,,product not found
c489e5cf-32c3-42af-9095-be00d2c9356c/,c489e5cf-32c3-42af-9095-be00d2c9356c,,,skipped,,product not found
c52be174-4da5-418e-9e29-09f4735267a0/,c52be174-4da5-418e-9e29-09f4735267a0,,,skipped,,product not found
c5d3e45c-324a-4fca-b1c1-a9832c02da42/,c5d3e45c-324a-4fca-b1c1-a9832c02da42,,,skipped,,product not found
c654d5a4-191f-497a-8c82-1fa1336308c2/,c654d5a4-191f-497a-8c82-1fa1336308c2,,,skipped,,product not found
c707e6b9-ec89-4477-8ad2-9e58b696be25/,c707e6b9-ec89-4477-8ad2-9e58b696be25,,,skipped,,product not found
c739b983-3957-4f7e-a3c6-bdfb5219400d/,c739b983-3957-4f7e-a3c6-bdfb5219400d,,,skipped,,product not found
c7649621-3781-4912-a04f-55d1c08cb422/,c7649621-3781-4912-a04f-55d1c08cb422,,,skipped,,product not found
c8cd7ef7-7d8b-4e34-ba10-fc0d7db39cba/,c8cd7ef7-7d8b-4e34-ba10-fc0d7db39cba,,,skipped,,product not found
c8ee5373-759a-46a6-8014-674c91681063/,c8ee5373-759a-46a6-8014-674c91681063,,,skipped,,product not found
c99976b5-f30f-4740-a971-0bb5f7df4301/,c99976b5-f30f-4740-a971-0bb5f7df4301,,,skipped,,product not found
cc191286-4034-49bd-842f-dc41554b6e93/,cc191286-4034-49bd-842f-dc41554b6e93,,,skipped,,product not found
cca3343f-a429-4c7e-b97a-11e65a4a1d16/,cca3343f-a429-4c7e-b97a-11e65a4a1d16,,,skipped,,product not found
cca3dc1d-19c3-414f-81e3-2a193f0658f3/,cca3dc1d-19c3-414f-81e3-2a193f0658f3,,,skipped,,product not found
d0023066-ff06-4961-ae23-d03f838517fe/,d0023066-ff06-4961-ae23-d03f838517fe,,,skipped,,product not found
d04d39b0-4ba1-4dab-a7ea-20950057c741/,d04d39b0-4ba1-4dab-a7ea-20950057c741,,,skipped,,product not found
d0850fbd-8e28-444c-af70-c4975d808186/,d0850fbd-8e28-444c-af70-c4975d808186,,,skipped,,product not found
d0a1e11f-4bfc-4e10-a25c-b2f9d65a13ab/,d0a1e11f-4bfc-4e10-a25c-b2f9d65a13ab,,,skipped,,product not found
d0f75ff3-b2dc-4e8d-a137-faa7f6058b46/,d0f75ff3-b2dc-4e8d-a137-faa7f6058b46,,,skipped,,product not found
d1d4bb68-05b9-4ac2-b743-850486463999/,d1d4bb68-05b9-4ac2-b743-850486463999,,,skipped,,product not found
d210d972-3a51-4c0e-8ce7-6658231ac467/,d210d972-3a51-4c0e-8ce7-6658231ac467,,,skipped,,product not found
d262ad62-8d74-4a16-a5b5-8310ced7e2e5/,d262ad62-8d74-4a16-a5b5-8310ced7e2e5,,,skipped,,product not found
d34f7bff-3132-497e-98f3-b25a7940661f/,d34f7bff-3132-497e-98f3-b25a7940661f,,,skipped,,product not found
d5b1c086-53cf-4144-b633-0a236f994fa3/,d5b1c086-53cf-4144-b633-0a236f994fa3,,,skipped,,product not found
d659a772-a165-4e7a-a1ff-1b34c5ad64fd/,d659a772-a165-4e7a-a1ff-1b34c5ad64fd,,,skipped,,product not found
d6a7b39e-b288-4450-b677-86dc2da121e6/,d6a7b39e-b288-4450-b677-86dc2da121e6,,,skipped,,product not found
d85b962b-2e68-4ad1-803c-80de6f3a0aa4/,d85b962b-2e68-4ad1-803c-80de6f3a0aa4,,,skipped,,product not found
d8d0793d-0c79-4e6b-a50b-c16a3434a380/,d8d0793d-0c79-4e6b-a50b-c16a3434a380,,,skipped,,product not found
d96c5f5e-05c0-44fd-a6c7-5b81c5ac2f71/,d96c5f5e-05c0-44fd-a6c7-5b81c5ac2f71,,,skipped,,product not found
d9edc9c1-b15d-4148-ab49-8f86f3900d29/,d9edc9c1-b15d-4148-ab49-8f86f3900d29,,,skipped,,product not found
da08d5e5-82c9-49af-a722-fa2675f5c293/,da08d5e5-82c9-49af-a722-fa2675f5c293,,,skipped,,product not found
db515587-f1ec-4c00-9268-e7951c820421/,db515587-f1ec-4c00-9268-e7951c820421,,,skipped,,product not found
db800e12-24a2-45c4-a012-93d0d3fd2c05/,db800e12-24a2-45c4-a012-93d0d3fd2c05,,,skipped,,product not found
db8d7953-6dbf-4e91-9009-1774b4c12a3f/,db8d7953-6dbf-4e91-9009-1774b4c12a3f,,,skipped,,product not found
dc33a53c-0ced-438e-87c1-6e4bf15e3490/,dc33a53c-0ced-438e-87c1-6e4bf15e3490,,,skipped,,product not found
dc5f10d7-e2b0-4400-b83c-f8079dfdcbe9/,dc5f10d7-e2b0-4400-b83c-f8079dfdcbe9,,,skipped,,product not found
dc641072-6570-4341-b3db-129687f3fa76/,dc641072-6570-4341-b3db-129687f3fa76,,,skipped,,product not found
dd28dba5-5ff0-4abe-b9af-a725e963d1f6/,dd28dba5-5ff0-4abe-b9af-a725e963d1f6,,,skipped,,product not found
de032630-2eac-479e-a098-74184f77bfad/,de032630-2eac-479e-a098-74184f77bfad,,,skipped,,product not found
de3bc44c-43c3-4d2b-977a-5ee9841d8f0c/,de3bc44c-43c3-4d2b-977a-5ee9841d8f0c,,,skipped,,product not found
de648180-54db-4263-ae8a-f5eb1b981d8f/,de648180-54db-4263-ae8a-f5eb1b981d8f,,,skipped,,product not found
de95e7ad-18d1-4602-9b9a-daa641ba7288/,de95e7ad-18d1-4602-9b9a-daa641ba7288,,,skipped,,product not found
de99de67-0e21-416b-9400-afb984537232/,de99de67-0e21-416b-9400-afb984537232,,,skipped,,product not found
deeec8b8-9df5-40b4-9d4f-06aac4ac8fe0/,deeec8b8-9df5-40b4-9d4f-06aac4ac8fe0,,,skipped,,product not found
df8dec6e-9d59-4b88-8404-9d1f28668665/,df8dec6e-9d59-4b88-8404-9d1f28668665,,,skipped,,product not found
dfd2f574-3338-4081-bac3-f0d49535e289/,dfd2f574-3338-4081-bac3-f0d49535e289,,,skipped,,product not found
e0a90f38-fe3b-4d3c-8373-4885e26fce70/,e0a90f38-fe3b-4d3c-8373-4885e26fce70,,,skipped,,product not found
e0b61f87-81f4-4f19-a002-73ecab55f11b/,e0b61f87-81f4-4f19-a002-73ecab55f11b,,,skipped,,product not found
e0d21870-c36b-4f5b-91f6-ac5ea039bbac/,e0d21870-c36b-4f5b-91f6-ac5ea039bbac,,,skipped,,product not found
e1c697a4-08c2-4e3e-9135-93f7c5ecdd46/,e1c697a4-08c2-4e3e-9135-93f7c5ecdd46,,,skipped,,product not found
e211d319-393d-4214-be95-67450bff7a05/,e211d319-393d-4214-be95-67450bff7a05,,,skipped,,product not found
e4298257-de5a-48b1-97b6-2ecc9222ff4d/,e4298257-de5a-48b1-97b6-2ecc9222ff4d,,,skipped,,product not found
e5bec6f3-df9e-460c-b205-ed25d73a7cb9/,e5bec6f3-df9e-460c-b205-ed25d73a7cb9,,,skipped,,product not found
e6202b6c-8a9b-447f-abff-b367b086a2fc/,e6202b6c-8a9b-447f-abff-b367b086a2fc,,,skipped,,product not found
e6281c1f-f675-4c57-8cb5-c4ce7d5d136c/,e6281c1f-f675-4c57-8cb5-c4ce7d5d136c,,,skipped,,product not found
e62a0785-0364-4048-9f91-ef367e5497c6/,e62a0785-0364-4048-9f91-ef367e5497c6,,,skipped,,product not found
e640b6d8-66c5-4ac3-9c5b-8d6c82c356fc/,e640b6d8-66c5-4ac3-9c5b-8d6c82c356fc,,,skipped,,product not found
e761ecc6-c2a7-4f84-b1d5-b5d551361583/,e761ecc6-c2a7-4f84-b1d5-b5d551361583,,,skipped,,product not found
e7b6fb1a-df45-4125-9e9c-a2c14e7ac1f3/,e7b6fb1a-df45-4125-9e9c-a2c14e7ac1f3,,,skipped,,product not found
e7fb237a-0c00-41bf-a384-d22e474fa4ba/,e7fb237a-0c00-41bf-a384-d22e474fa4ba,,,skipped,,product not found
e8fcb013-54a8-4906-85fb-974bb56c91d1/,e8fcb013-54a8-4906-85fb-974bb56c91d1,,,skipped,,product not found
e92c225b-7152-4abd-8cf4-673cbefd65dc/,e92c225b-7152-4abd-8cf4-673cbefd65dc,,,skipped,,product not found
e9a876ff-dbb8-4ef4-8458-d77be9bd6952/,e9a876ff-dbb8-4ef4-8458-d77be9bd6952,,,skipped,,product not found
ea4ef8d7-13dd-40da-a6d4-963d12606a7d/,ea4ef8d7-13dd-40da-a6d4-963d12606a7d,,,skipped,,product not found
ea988a8e-3a1a-4d21-a06c-6046221c7c20/,ea988a8e-3a1a-4d21-a06c-6046221c7c20,,,skipped,,product not found
ebb565c1-cdca-45c7-abf5-03782b98907a/,ebb565c1-cdca-45c7-abf5-03782b98907a,,,skipped,,product not found
ec2fcaa4-2ab9-4189-b6e5-d8044f099448/,ec2fcaa4-2ab9-4189-b6e5-d8044f099448,,,skipped,,product not found
edb65bf7-0004-4260-91f1-0c25fd6c97cd/,edb65bf7-0004-4260-91f1-0c25fd6c97cd,,,skipped,,product not found
eff5fb38-4265-4c9e-9628-6ef934bc91fc/,eff5fb38-4265-4c9e-9628-6ef934bc91fc,,,skipped,,product not found
f068f72b-39b7-440e-98b3-c4ef9def43a0/,f068f72b-39b7-440e-98b3-c4ef9def43a0,,,skipped,,product not found
f06fd7f5-b81a-4bcd-81f3-003a2d47afdc/,f06fd7f5-b81a-4bcd-81f3-003a2d47afdc,,,skipped,,product not found
f139f005-8be5-4f26-810e-f23c601c3eb9/,f139f005-8be5-4f26-810e-f23c601c3eb9,,,skipped,,product not found
f178f298-19d5-412f-902a-10212b6906b8/,f178f298-19d5-412f-902a-10212b6906b8,,,skipped,,product not found
f1c14ca7-aeef-4b2b-af2c-c385c618755e/,f1c14ca7-aeef-4b2b-af2c-c385c618755e,,,skipped,,product not found
f1d9f797-5088-40fa-80cd-6511c573c91b/,f1d9f797-5088-40fa-80cd-6511c573c91b,,,skipped,,product not found
f24c3aac-c356-4a88-abb9-6c860b09691d/,f24c3aac-c356-4a88-abb9-6c860b09691d,,,skipped,,product not found
f30e5f2c-27e0-4a3a-b883-3ce54756045b/,f30e5f2c-27e0-4a3a-b883-3ce54756045b,,,skipped,,product not found
f37adfc1-6516-4984-a086-e91dbd35209e/,f37adfc1-6516-4984-a086-e91dbd35209e,,,skipped,,product not found
f394d369-1baf-40d7-aec9-837851947ba0/,f394d369-1baf-40d7-aec9-837851947ba0,,,skipped,,product not found
f4ed95f3-9ffd-4132-b5c9-45d8e09acecb/,f4ed95f3-9ffd-4132-b5c9-45d8e09acecb,,,skipped,,product not found
f5b58c0e-c515-4862-9a18-65f0b6fd37eb/,f5b58c0e-c515-4862-9a18-65f0b6fd37eb,,,skipped,,product not found
f788714b-41b3-401d-b564-ff27ade8df6c/,f788714b-41b3-401d-b564-ff27ade8df6c,,,skipped,,product not found
f8e0dcc5-a10c-431d-96cd-186094564499/,f8e0dcc5-a10c-431d-96cd-186094564499,,,skipped,,product not found
f9acfd79-f540-4900-b3ea-f65e8044b261/,f9acfd79-f540-4900-b3ea-f65e8044b261,,,skipped,,product not found
fa447958-7859-46ae-80de-d7503d700731/,fa447958-7859-46ae-80de-d7503d700731,,,skipped,,product not found
fa6f7af7-d5c4-4544-9385-c27b366b90e5/,fa6f7af7-d5c4-4544-9385-c27b366b90e5,,,skipped,,product not found
fae4bb11-db28-4c8a-9619-fb95d667387b/,fae4bb11-db28-4c8a-9619-fb95d667387b,,,skipped,,product not found
fb5e9efa-e33c-4a2d-90d3-01cb4b6df66c/,fb5e9efa-e33c-4a2d-90d3-01cb4b6df66c,,,skipped,,product not found
fbaee302-d4ae-4c0c-8489-856f4e375b16/,fbaee302-d4ae-4c0c-8489-856f4e375b16,,,skipped,,product not found
fd3ca6cd-866e-4c9d-b5a3-c1af2fc71c11/,fd3ca6cd-866e-4c9d-b5a3-c1af2fc71c11,,,skipped,,product not found
fd428f2a-ed12-4f32-8268-544debdf18f2/,fd428f2a-ed12-4f32-8268-544debdf18f2,,,skipped,,product not found
fd878db6-3695-4436-8070-c961aad3eeec/,fd878db6-3695-4436-8070-c961aad3eeec,,,skipped,,product not found
fd951636-e55b-42c6-8a28-2b7b82f6bc55/,fd951636-e55b-42c6-8a28-2b7b82f6bc55,,,skipped,,product not found
fe066e54-4b3f-4971-9994-5da6352e8449/,fe066e54-4b3f-4971-9994-5da6352e8449,,,skipped,,product not found
fe244c39-81aa-445a-a38c-60812535e753/,fe244c39-81aa-445a-a38c-60812535e753,,,skipped,,product not found
fe38473a-d08e-48f9-8d9d-654994c2561e/,fe38473a-d08e-48f9-8d9d-654994c2561e,,,skipped,,product not found
ff684983-d753-4a92-b6d4-83ed70572888/,ff684983-d753-4a92-b6d4-83ed70572888,,,skipped,,product not found
temp_1758034075175/,temp_1758034075175,,,skipped,,product not found
temp_1758034739563/,temp_1758034739563,,,skipped,,product not found